song_id,run_no,start_date,end_date,days,start_rank,best_rank,start_pop,peak_pop,song,artist,album_type,total_tracks,is_explicit,end_rank,end_pop,reentry,prev_end_date,prev_end_rank,prev_end_pop,gap_days,rank_jump,pop_delta,best_rank_date,best_rank_check,days_to_best,data_gap_boundary,rank_jump_norm,pop_delta_norm,retention_norm,recovery_norm,momentum_spike_score
3d (feat. jack harlow) (instrumental) | jung kook & jack harlow,2,2024-10-09,2024-10-13,5,50,38,60,62,3D (feat. Jack Harlow) (Instrumental),Jung Kook & Jack Harlow,album,7,False,49,62,True,2024-10-05,28.0,55.0,3.0,-22.0,5.0,2024-10-10,38,1,False,0.12280701754385964,0.42657342657342656,0.017699115044247787,0.990909090909091,33.615913352289695
3d (justin timberlake remix) | jung kook & justin timberlake,2,2024-12-03,2024-12-05,3,38,36,75,76,3D (Justin Timberlake Remix),Jung Kook & Justin Timberlake,single,1,False,46,76,True,2024-11-27,28.0,71.0,5.0,-10.0,4.0,2024-12-04,36,1,False,0.3333333333333333,0.4195804195804196,0.008849557522123894,0.990909090909091,41.72011469356603
a bientot | lim young woong,2,2024-06-09,2024-06-20,12,44,40,58,58,A bientot,Lim Young Woong,album,12,False,48,58,True,2024-06-07,41.0,58.0,1.0,-3.0,0.0,2024-06-10,40,1,False,0.45614035087719296,0.3916083916083916,0.048672566371681415,0.990909090909091,46.86941501287101
a bientot | lim young woong,3,2024-06-22,2024-07-04,13,46,39,58,58,A bientot,Lim Young Woong,album,12,False,47,58,True,2024-06-20,48.0,58.0,1.0,2.0,0.0,2024-06-24,39,2,False,0.543859649122807,0.3916083916083916,0.05309734513274336,0.9818181818181818,50.28486433609862
a bientot | lim young woong,4,2024-07-11,2024-07-11,1,47,47,59,59,A bientot,Lim Young Woong,album,12,False,47,59,True,2024-07-04,47.0,58.0,6.0,0.0,1.0,2024-07-11,47,0,False,0.5087719298245614,0.3986013986013986,0.0,1.0,48.32290516501043
a bientot | lim young woong,5,2024-07-13,2024-07-13,1,50,50,59,59,A bientot,Lim Young Woong,album,12,False,50,59,True,2024-07-11,47.0,59.0,1.0,-3.0,0.0,2024-07-13,50,0,False,0.45614035087719296,0.3916083916083916,0.0,1.0,46.07778186725556
a bientot | lim young woong,6,2024-07-17,2024-07-18,2,50,50,59,59,A bientot,Lim Young Woong,album,12,False,50,59,True,2024-07-13,50.0,59.0,3.0,0.0,0.0,2024-07-17,50,0,False,0.5087719298245614,0.3916083916083916,0.004424778761061947,1.0,48.27154060037152
a bientot | lim young woong,7,2024-07-23,2024-07-25,3,50,46,58,58,A bientot,Lim Young Woong,album,12,False,46,58,True,2024-07-18,50.0,59.0,4.0,0.0,-1.0,2024-07-25,46,2,False,0.5087719298245614,0.38461538461538464,0.008849557522123894,0.9818181818181818,47.85653967209627
a bientot | lim young woong,8,2024-08-04,2024-08-04,1,50,50,57,57,A bientot,Lim Young Woong,album,12,False,50,57,True,2024-07-25,46.0,58.0,9.0,-4.0,-1.0,2024-08-04,50,0,False,0.43859649122807015,0.38461538461538464,0.0,1.0,45.2361673414305
a bientot | lim young woong,9,2024-08-06,2024-08-12,7,49,43,57,57,A bientot,Lim Young Woong,album,12,False,44,57,True,2024-08-04,50.0,57.0,1.0,1.0,0.0,2024-08-07,43,1,False,0.5263157894736842,0.3916083916083916,0.02654867256637168,0.990909090909091,49.23395468062446
a bientot | lim young woong,10,2024-08-28,2024-08-28,1,49,49,57,57,A bientot,Lim Young Woong,album,12,False,49,57,True,2024-08-12,44.0,57.0,15.0,-5.0,0.0,2024-08-28,49,0,False,0.42105263157894735,0.3916083916083916,0.0,1.0,44.67427309532573
a bientot | lim young woong,11,2024-09-03,2024-09-04,2,50,46,57,57,A bientot,Lim Young Woong,album,12,False,46,57,True,2024-08-28,49.0,57.0,5.0,-1.0,0.0,2024-09-04,46,1,False,0.49122807017543857,0.3916083916083916,0.004424778761061947,0.990909090909091,47.38796803258843
a bientot | lim young woong,12,2024-09-10,2024-09-14,5,44,44,57,58,A bientot,Lim Young Woong,album,12,False,48,58,True,2024-09-04,46.0,57.0,5.0,2.0,0.0,2024-09-10,44,0,False,0.543859649122807,0.3916083916083916,0.017699115044247787,1.0,49.94053609796507
a bientot | lim young woong,13,2024-09-19,2024-09-21,3,50,50,57,57,A bientot,Lim Young Woong,album,12,False,50,57,True,2024-09-14,48.0,58.0,4.0,-2.0,-1.0,2024-09-19,50,0,False,0.47368421052631576,0.38461538461538464,0.008849557522123894,1.0,46.8166672638028
a bientot | lim young woong,14,2024-09-23,2024-09-27,5,49,43,57,57,A bientot,Lim Young Woong,album,12,False,48,57,True,2024-09-21,50.0,57.0,1.0,1.0,0.0,2024-09-25,43,2,False,0.5263157894736842,0.3916083916083916,0.017699115044247787,0.9818181818181818,48.8751453483638
a bientot | lim young woong,15,2024-09-30,2024-10-05,6,50,45,57,57,A bientot,Lim Young Woong,album,12,False,47,57,True,2024-09-27,48.0,57.0,2.0,-2.0,0.0,2024-10-02,45,2,False,0.47368421052631576,0.3916083916083916,0.022123893805309734,0.9818181818181818,46.85837776569029
a bientot | lim young woong,16,2024-10-09,2024-10-09,1,48,48,57,57,A bientot,Lim Young Woong,album,12,False,48,57,True,2024-10-05,47.0,57.0,3.0,-1.0,0.0,2024-10-09,48,0,False,0.49122807017543857,0.3916083916083916,0.0,1.0,47.481290639185374
a bientot | lim young woong,17,2024-10-13,2025-03-13,152,45,18,57,62,A bientot,Lim Young Woong,album,12,False,39,58,True,2024-10-09,48.0,57.0,3.0,3.0,0.0,2024-11-30,18,48,False,0.5614035087719298,0.3916083916083916,0.668141592920354,0.5636363636363637,54.923867314179375
a bientot | lim young woong,20,2025-04-05,2025-04-17,13,46,40,56,56,A bientot,Lim Young Woong,album,12,False,40,56,True,2025-04-03,47.0,56.0,1.0,1.0,0.0,2025-04-17,40,12,False,0.5263157894736842,0.3916083916083916,0.05309734513274336,0.8909090909090909,47.76492813195189
a bientot | lim young woong,21,2025-04-19,2025-04-22,4,43,43,56,57,A bientot,Lim Young Woong,album,12,False,49,57,True,2025-04-17,40.0,56.0,1.0,-3.0,0.0,2025-04-19,43,0,False,0.45614035087719296,0.3916083916083916,0.01327433628318584,1.0,46.34326859291927
a bientot | lim young woong,22,2025-04-24,2025-04-26,3,49,46,56,56,A bientot,Lim Young Woong,album,12,False,48,56,True,2025-04-22,49.0,57.0,1.0,0.0,-1.0,2025-04-25,46,1,False,0.5087719298245614,0.38461538461538464,0.008849557522123894,0.990909090909091,48.038357853914455
a bientot | lim young woong,23,2025-05-07,2025-05-07,1,43,43,55,55,A bientot,Lim Young Woong,album,12,False,43,55,True,2025-04-26,48.0,56.0,10.0,5.0,-1.0,2025-05-07,43,0,False,0.5964912280701754,0.38461538461538464,0.0,1.0,51.55195681511471
a bientot | lim young woong,24,2025-06-24,2025-06-25,2,45,45,51,51,A bientot,Lim Young Woong,album,12,False,45,51,True,2025-05-07,43.0,55.0,47.0,-2.0,-4.0,2025-06-24,45,0,False,0.47368421052631576,0.36363636363636365,0.004424778761061947,1.0,46.30859126900114
a psalm of life | lim young woong,2,2024-10-16,2024-10-16,1,50,50,57,57,A Psalm of Life,Lim Young Woong,album,12,False,50,57,True,2024-06-06,50.0,56.0,131.0,0.0,1.0,2024-10-16,50,0,False,0.5087719298245614,0.3986013986013986,0.0,1.0,48.32290516501043
a psalm of life | lim young woong,3,2024-10-19,2024-10-19,1,49,49,57,57,A Psalm of Life,Lim Young Woong,album,12,False,49,57,True,2024-10-16,50.0,57.0,2.0,1.0,0.0,2024-10-19,49,0,False,0.5263157894736842,0.3916083916083916,0.0,1.0,48.8847994111152
a psalm of life | lim young woong,4,2024-10-21,2025-02-09,112,45,25,57,61,A Psalm of Life,Lim Young Woong,album,12,False,45,59,True,2024-10-19,49.0,57.0,1.0,4.0,0.0,2024-12-03,25,43,False,0.5789473684210527,0.3916083916083916,0.4911504424778761,0.6090909090909091,52.99488960038564
a psalm of life | lim young woong,5,2025-02-11,2025-02-12,2,49,49,58,58,A Psalm of Life,Lim Young Woong,album,12,False,50,58,True,2025-02-09,45.0,59.0,1.0,-4.0,-1.0,2025-02-11,49,0,False,0.43859649122807015,0.38461538461538464,0.004424778761061947,1.0,45.32466291665174
a psalm of life | lim young woong,6,2025-02-19,2025-02-20,2,45,45,58,58,A Psalm of Life,Lim Young Woong,album,12,False,45,58,True,2025-02-12,50.0,58.0,6.0,5.0,0.0,2025-02-19,45,0,False,0.5964912280701754,0.3916083916083916,0.004424778761061947,1.0,51.780312530196085
a psalm of life | lim young woong,7,2025-02-26,2025-02-27,2,46,46,58,58,A Psalm of Life,Lim Young Woong,album,12,False,46,58,True,2025-02-20,45.0,58.0,5.0,-1.0,0.0,2025-02-26,46,0,False,0.49122807017543857,0.3916083916083916,0.004424778761061947,1.0,47.56978621440661
all i want for christmas is you | mariah carey,2,2024-12-17,2024-12-27,11,24,9,99,100,All I Want for Christmas Is You,Mariah Carey,album,10,False,10,100,True,2024-12-11,44.0,98.0,5.0,20.0,1.0,2024-12-25,9,8,False,0.8596491228070176,0.3986013986013986,0.04424778761061947,0.9272727272727272,61.78840318197562
all or nothing | j money & kinglee,2,2025-01-17,2025-01-17,1,26,26,52,52,All Or Nothing,J Money & KingLee,single,1,True,26,52,True,2024-12-22,30.0,45.0,25.0,4.0,7.0,2025-01-17,26,0,False,0.5789473684210527,0.4405594405594406,0.0,1.0,51.969083548030916
alone | jimin,4,2025-05-31,2025-05-31,1,45,45,72,72,Alone,Jimin,single,6,False,45,72,True,2025-05-29,40.0,73.0,1.0,-5.0,-1.0,2025-05-31,45,0,False,0.42105263157894735,0.38461538461538464,0.0,1.0,44.534412955465584
alone | jimin,5,2025-06-02,2025-06-29,28,44,26,72,72,Alone,Jimin,single,6,False,26,70,True,2025-05-31,45.0,72.0,1.0,1.0,0.0,2025-06-29,26,27,False,0.5263157894736842,0.3916083916083916,0.11946902654867257,0.7545454545454545,46.365089032997744
alone | jimin,6,2025-07-01,2025-07-01,1,50,50,71,71,Alone,Jimin,single,6,False,50,71,True,2025-06-29,26.0,70.0,1.0,-24.0,1.0,2025-07-01,50,0,False,0.08771929824561403,0.3986013986013986,0.0,1.0,31.480799901852535
"angel pt. 1 (feat. jimin of bts, jvke & muni long) - trailer version | fast & furious: the fast saga & jimin & bts",2,2024-09-14,2024-09-16,3,35,35,70,70,"Angel Pt. 1 (feat. Jimin of BTS, JVKE & Muni Long) - Trailer Version",Fast & Furious: The Fast Saga & Jimin & BTS,single,1,False,49,70,True,2024-06-04,43.0,81.0,101.0,8.0,-11.0,2024-09-14,35,0,False,0.6491228070175439,0.3146853146853147,0.008849557522123894,1.0,52.43560972485053
"angel pt. 1 (feat. jimin of bts, jvke & muni long) - trailer version | fast & furious: the fast saga & jimin & bts",3,2024-10-27,2024-10-28,2,50,50,71,71,"Angel Pt. 1 (feat. Jimin of BTS, JVKE & Muni Long) - Trailer Version",Fast & Furious: The Fast Saga & Jimin & BTS,single,1,False,50,71,True,2024-09-16,49.0,70.0,40.0,-1.0,1.0,2024-10-27,50,0,False,0.49122807017543857,0.3986013986013986,0.004424778761061947,1.0,47.70964635426675
"angel pt. 1 (feat. jimin of bts, jvke & muni long) - trailer version | fast & furious: the fast saga & jimin & bts",4,2024-10-31,2024-12-26,57,46,12,71,71,"Angel Pt. 1 (feat. Jimin of BTS, JVKE & Muni Long) - Trailer Version",Fast & Furious: The Fast Saga & Jimin & BTS,single,1,False,41,67,True,2024-10-28,50.0,71.0,2.0,4.0,0.0,2024-12-11,12,41,False,0.5789473684210527,0.3916083916083916,0.24778761061946902,0.6272727272727272,48.49126932685387
"angel pt. 1 (feat. jimin of bts, jvke & muni long) - trailer version | fast & furious: the fast saga & jimin & bts",5,2024-12-28,2025-01-03,7,41,41,65,66,"Angel Pt. 1 (feat. Jimin of BTS, JVKE & Muni Long) - Trailer Version",Fast & Furious: The Fast Saga & Jimin & BTS,single,1,False,45,66,True,2024-12-26,41.0,67.0,1.0,0.0,-2.0,2024-12-28,41,0,False,0.5087719298245614,0.3776223776223776,0.02654867256637168,1.0,48.434298196757446
"angel pt. 2 (feat. jimin of bts, charlie puth and muni long) | fast & furious: the fast saga & jimin & bts",2,2024-07-31,2024-08-19,20,45,42,74,74,"Angel Pt. 2 (feat. Jimin of BTS, Charlie Puth and Muni Long)",Fast & Furious: The Fast Saga & Jimin & BTS,single,2,False,47,72,True,2024-07-28,46.0,74.0,2.0,1.0,0.0,2024-08-03,42,3,False,0.5263157894736842,0.3916083916083916,0.084070796460177,0.9727272727272728,50.0207607948642
"angel pt. 2 (feat. jimin of bts, charlie puth and muni long) | fast & furious: the fast saga & jimin & bts",3,2024-08-24,2024-08-24,1,50,50,72,72,"Angel Pt. 2 (feat. Jimin of BTS, Charlie Puth and Muni Long)",Fast & Furious: The Fast Saga & Jimin & BTS,single,2,False,50,72,True,2024-08-19,47.0,72.0,4.0,-3.0,0.0,2024-08-24,50,0,False,0.45614035087719296,0.3916083916083916,0.0,1.0,46.07778186725556
"angel pt. 2 (feat. jimin of bts, charlie puth and muni long) | fast & furious: the fast saga & jimin & bts",4,2024-11-03,2024-11-04,2,44,44,69,69,"Angel Pt. 2 (feat. Jimin of BTS, Charlie Puth and Muni Long)",Fast & Furious: The Fast Saga & Jimin & BTS,single,2,False,48,69,True,2024-08-24,50.0,72.0,70.0,6.0,-3.0,2024-11-03,44,0,False,0.6140350877192983,0.3706293706293706,0.004424778761061947,1.0,52.06248649658058
antifragile | le sserafim,2,2024-07-17,2024-07-18,2,49,49,79,79,ANTIFRAGILE,LE SSERAFIM,album,13,False,49,79,True,2024-07-04,42.0,79.0,12.0,-7.0,0.0,2024-07-17,49,0,False,0.38596491228070173,0.3916083916083916,0.004424778761061947,1.0,43.35925989861714
armageddon | aespa,4,2025-09-22,2025-10-05,14,38,30,77,77,Armageddon,aespa,album,10,False,39,76,True,2025-09-20,28.0,77.0,1.0,-10.0,0.0,2025-09-23,30,1,False,0.3333333333333333,0.3916083916083916,0.05752212389380531,0.990909090909091,42.134125461559094
armageddon | aespa,5,2025-10-07,2025-11-19,44,33,22,75,75,Armageddon,aespa,album,10,False,41,72,True,2025-10-05,39.0,76.0,1.0,6.0,-1.0,2025-10-14,22,7,False,0.6140350877192983,0.38461538461538464,0.1902654867256637,0.9363636363636364,54.786293662865624
armageddon | aespa,6,2025-11-21,2025-11-27,7,50,38,72,72,Armageddon,aespa,album,10,False,49,72,True,2025-11-19,41.0,72.0,1.0,-9.0,0.0,2025-11-23,38,2,False,0.3508771929824561,0.3916083916083916,0.02654867256637168,0.9818181818181818,42.03459263915715
armageddon | aespa & grimes & flava d,2,2025-10-06,2025-10-06,1,36,36,36,36,Armageddon,aespa & Grimes & Flava D,single,6,False,36,36,True,2025-09-21,31.0,0.0,14.0,-5.0,36.0,2025-10-06,36,0,False,0.42105263157894735,0.6433566433566433,0.0,1.0,49.709238130290764
attention | newjeans,2,2024-07-07,2024-08-30,55,37,26,85,85,Attention,NewJeans,single,4,False,48,83,True,2024-07-04,29.0,84.0,2.0,-8.0,1.0,2024-07-14,26,7,False,0.3684210526315789,0.3986013986013986,0.23893805309734514,0.9363636363636364,46.21490386651076
attention | newjeans,3,2024-09-01,2024-09-04,4,49,47,83,83,Attention,NewJeans,single,4,False,49,83,True,2024-08-30,48.0,83.0,1.0,-1.0,0.0,2024-09-03,47,2,False,0.49122807017543857,0.3916083916083916,0.01327433628318584,0.9818181818181818,47.38314100121273
attention | newjeans,4,2024-09-15,2024-09-26,12,48,45,83,83,Attention,NewJeans,single,4,False,49,81,True,2024-09-04,49.0,83.0,10.0,1.0,0.0,2024-09-17,45,2,False,0.5263157894736842,0.3916083916083916,0.048672566371681415,0.9818181818181818,49.49461437491247
attention | newjeans,5,2024-09-28,2024-09-29,2,49,48,81,81,Attention,NewJeans,single,4,False,48,81,True,2024-09-26,49.0,81.0,1.0,0.0,0.0,2024-09-29,48,1,False,0.5087719298245614,0.3916083916083916,0.004424778761061947,0.990909090909091,48.08972241855335
attention | newjeans,7,2025-05-14,2025-05-14,1,50,50,78,78,Attention,NewJeans,single,4,False,50,78,True,2025-05-11,50.0,78.0,2.0,0.0,0.0,2025-05-14,50,0,False,0.5087719298245614,0.3916083916083916,0.0,1.0,48.18304502515029
attention | newjeans,8,2025-05-19,2025-05-19,1,48,48,78,78,Attention,NewJeans,single,4,False,48,78,True,2025-05-14,50.0,78.0,4.0,2.0,0.0,2025-05-19,48,0,False,0.543859649122807,0.3916083916083916,0.0,1.0,49.58655379708012
attention | newjeans,9,2025-06-01,2025-06-08,8,50,44,77,77,Attention,NewJeans,single,4,False,44,76,True,2025-05-19,48.0,78.0,12.0,-2.0,-1.0,2025-06-08,44,7,False,0.47368421052631576,0.38461538461538464,0.030973451327433628,0.9363636363636364,45.98641786718172
attention | newjeans,10,2025-06-14,2025-06-17,4,48,48,72,72,Attention,NewJeans,single,4,False,50,72,True,2025-06-08,44.0,76.0,5.0,-4.0,-4.0,2025-06-14,48,0,False,0.43859649122807015,0.36363636363636365,0.01327433628318584,1.0,45.082073647513795
attention | newjeans,11,2025-06-28,2025-06-29,2,50,49,75,75,Attention,NewJeans,single,4,False,49,75,True,2025-06-17,50.0,72.0,10.0,0.0,3.0,2025-06-29,49,1,False,0.5087719298245614,0.4125874125874126,0.004424778761061947,0.990909090909091,48.50930283813377
baddie | ive,2,2024-12-09,2024-12-18,10,49,39,82,82,Baddie,IVE,single,6,False,50,82,True,2024-12-01,50.0,82.0,7.0,1.0,0.0,2024-12-11,39,2,False,0.5263157894736842,0.3916083916083916,0.03982300884955752,0.9818181818181818,49.31762322446999
baddie | ive,3,2025-01-05,2025-01-06,2,50,48,80,80,Baddie,IVE,single,6,False,48,80,True,2024-12-18,50.0,82.0,17.0,0.0,-2.0,2025-01-06,48,1,False,0.5087719298245614,0.3776223776223776,0.004424778761061947,0.990909090909091,47.81000213883308
baddie | ive,4,2025-01-22,2025-01-22,1,49,49,81,81,Baddie,IVE,single,6,False,49,81,True,2025-01-06,48.0,80.0,15.0,-1.0,1.0,2025-01-22,49,0,False,0.49122807017543857,0.3986013986013986,0.0,1.0,47.62115077904552
baggy jeans | nct,2,2024-09-28,2024-09-28,1,50,50,64,64,Baggy Jeans,NCT,album,10,False,50,64,True,2024-09-21,46.0,64.0,6.0,-4.0,0.0,2024-09-28,50,0,False,0.43859649122807015,0.3916083916083916,0.0,1.0,45.37602748129064
bam yang gang | bibi,4,2025-05-05,2025-05-07,3,47,43,76,76,Bam Yang Gang,BIBI,single,2,False,48,76,True,2025-04-30,45.0,76.0,4.0,-2.0,0.0,2025-05-06,43,1,False,0.47368421052631576,0.3916083916083916,0.008849557522123894,0.990909090909091,46.77470922184476
beautiful things | benson boone,2,2025-02-03,2025-02-03,1,50,50,92,92,Beautiful Things,Benson Boone,single,1,False,50,92,True,2025-02-01,48.0,91.0,1.0,-2.0,1.0,2025-02-03,50,0,False,0.47368421052631576,0.3986013986013986,0.0,1.0,46.91939639308061
beautiful things | benson boone,3,2025-02-05,2025-03-13,37,46,20,93,100,Beautiful Things,Benson Boone,single,1,False,22,100,True,2025-02-03,50.0,92.0,1.0,4.0,1.0,2025-03-06,20,29,False,0.5789473684210527,0.3986013986013986,0.1592920353982301,0.7363636363636363,49.04303614410741
better things | aespa,2,2024-09-09,2024-09-16,8,50,42,81,81,Better Things,aespa,single,1,False,50,81,True,2024-09-06,50.0,81.0,2.0,0.0,0.0,2024-09-10,42,1,False,0.5087719298245614,0.3916083916083916,0.030973451327433628,0.990909090909091,48.620695869880784
better things | aespa,3,2024-10-02,2024-10-06,5,50,49,80,81,Better Things,aespa,single,1,False,50,81,True,2024-09-16,50.0,81.0,15.0,0.0,-1.0,2024-10-04,49,2,False,0.5087719298245614,0.38461538461538464,0.017699115044247787,0.9818181818181818,48.03353082253875
big dawgs | hanumankind & kalmi,2,2025-08-29,2025-08-31,3,48,48,92,92,Big Dawgs,Hanumankind & Kalmi,single,1,True,49,92,True,2025-08-27,48.0,92.0,1.0,0.0,0.0,2025-08-29,48,0,False,0.5087719298245614,0.3916083916083916,0.008849557522123894,1.0,48.36003617559277
birds of a feather | billie eilish,2,2025-05-28,2025-07-10,44,41,19,93,98,BIRDS OF A FEATHER,Billie Eilish,album,10,False,26,98,True,2025-05-26,37.0,92.0,1.0,-4.0,1.0,2025-06-12,19,15,False,0.43859649122807015,0.3986013986013986,0.1902654867256637,0.8636363636363636,46.59392462839133
bite me | enhypen,2,2024-06-14,2024-06-18,5,47,47,88,89,Bite Me,ENHYPEN,single,6,False,48,89,True,2024-06-10,49.0,88.0,3.0,2.0,0.0,2024-06-14,47,0,False,0.543859649122807,0.3916083916083916,0.017699115044247787,1.0,49.94053609796507
bling-bang-bang-born | creepy nuts,2,2025-02-14,2025-02-20,7,50,40,92,92,Bling-Bang-Bang-Born,Creepy Nuts,single,2,False,50,92,True,2025-02-12,38.0,92.0,1.0,-12.0,0.0,2025-02-15,40,1,False,0.2982456140350877,0.3916083916083916,0.02654867256637168,0.990909090909091,40.111147663080594
bling-bang-bang-born | creepy nuts,3,2025-03-13,2025-03-13,1,48,48,91,91,Bling-Bang-Bang-Born,Creepy Nuts,single,2,False,48,91,True,2025-02-20,50.0,92.0,20.0,2.0,-1.0,2025-03-13,48,0,False,0.543859649122807,0.38461538461538464,0.0,1.0,49.446693657219974
blue | v,2,2024-12-31,2024-12-31,1,46,46,80,80,Blue,V,single,6,False,46,80,True,2024-11-07,46.0,85.0,53.0,0.0,-5.0,2024-12-31,46,0,False,0.5087719298245614,0.35664335664335667,0.0,1.0,47.48374432584959
blue | v,3,2025-01-03,2025-01-05,3,43,43,81,81,Blue,V,single,6,False,48,81,True,2024-12-31,46.0,80.0,2.0,3.0,1.0,2025-01-03,43,0,False,0.5614035087719298,0.3986013986013986,0.008849557522123894,1.0,50.60515947334765
blue | v,4,2025-01-07,2025-01-09,3,50,49,82,82,Blue,V,single,6,False,49,82,True,2025-01-05,48.0,81.0,1.0,-2.0,1.0,2025-01-09,49,2,False,0.47368421052631576,0.3986013986013986,0.008849557522123894,0.9818181818181818,46.732751179886726
blue | v,5,2025-01-11,2025-01-11,1,48,48,82,82,Blue,V,single,6,False,48,82,True,2025-01-09,49.0,82.0,1.0,1.0,0.0,2025-01-11,48,0,False,0.5263157894736842,0.3916083916083916,0.0,1.0,48.8847994111152
boom boom bass | riize,4,2025-09-20,2025-09-21,2,48,44,67,67,Boom Boom Bass,RIIZE,album,8,False,44,67,True,2025-09-18,48.0,67.0,1.0,0.0,0.0,2025-09-21,44,1,False,0.5087719298245614,0.3916083916083916,0.004424778761061947,0.990909090909091,48.08972241855335
boom boom bass | riize,5,2025-09-23,2025-09-24,2,45,45,67,67,Boom Boom Bass,RIIZE,album,8,False,47,66,True,2025-09-21,44.0,67.0,1.0,-1.0,0.0,2025-09-23,45,0,False,0.49122807017543857,0.3916083916083916,0.004424778761061947,1.0,47.56978621440661
broken melodies | nct dream,2,2024-07-20,2024-07-21,2,44,44,56,56,Broken Melodies,NCT DREAM,album,10,False,49,56,True,2024-06-30,50.0,72.0,19.0,6.0,-16.0,2024-07-20,44,0,False,0.6140350877192983,0.27972027972027974,0.004424778761061947,1.0,50.24430467839876
bubble gum | newjeans,4,2025-09-23,2025-09-26,4,49,49,76,76,Bubble Gum,NewJeans,single,4,False,49,76,True,2025-09-21,42.0,77.0,1.0,-7.0,-1.0,2025-09-23,49,0,False,0.38596491228070173,0.38461538461538464,0.01327433628318584,1.0,43.39639090919948
bubble gum | newjeans,5,2025-09-28,2025-09-30,3,49,45,76,76,Bubble Gum,NewJeans,single,4,False,45,75,True,2025-09-26,49.0,76.0,1.0,0.0,0.0,2025-09-30,45,2,False,0.5087719298245614,0.3916083916083916,0.008849557522123894,0.9818181818181818,47.99639981195641
bubble gum | newjeans,6,2025-10-02,2025-10-03,2,50,50,75,75,Bubble Gum,NewJeans,single,4,False,50,75,True,2025-09-30,45.0,75.0,1.0,-5.0,0.0,2025-10-02,50,0,False,0.42105263157894735,0.3916083916083916,0.004424778761061947,1.0,44.76276867054697
bubble gum | newjeans,7,2025-10-06,2025-10-06,1,48,48,75,75,Bubble Gum,NewJeans,single,4,False,48,75,True,2025-10-03,50.0,75.0,2.0,2.0,0.0,2025-10-06,48,0,False,0.543859649122807,0.3916083916083916,0.0,1.0,49.58655379708012
bubble gum | newjeans,8,2025-10-14,2025-10-14,1,50,50,74,74,Bubble Gum,NewJeans,single,4,False,50,74,True,2025-10-06,48.0,75.0,7.0,-2.0,-1.0,2025-10-14,50,0,False,0.47368421052631576,0.38461538461538464,0.0,1.0,46.63967611336032
but sometimes | boynextdoor,2,2024-09-27,2024-09-27,1,49,49,70,70,But Sometimes,BOYNEXTDOOR,single,6,False,49,70,True,2024-09-23,39.0,70.0,3.0,-10.0,0.0,2024-09-27,49,0,False,0.3333333333333333,0.3916083916083916,0.0,1.0,41.16550116550117
candy (feat. zion.t) | jay park,2,2024-05-31,2024-06-01,2,47,45,62,63,Candy (Feat. Zion.T),Jay Park,single,1,False,45,63,True,2024-05-28,49.0,59.0,2.0,2.0,3.0,2024-06-01,45,1,False,0.543859649122807,0.4125874125874126,0.004424778761061947,0.990909090909091,49.91281161006359
candy (feat. zion.t) | jay park,3,2024-06-05,2024-06-05,1,45,45,65,65,Candy (Feat. Zion.T),Jay Park,single,1,False,45,65,True,2024-06-01,45.0,63.0,3.0,0.0,2.0,2024-06-05,45,0,False,0.5087719298245614,0.40559440559440557,0.0,1.0,48.46276530487057
candy (feat. zion.t) | jay park,4,2024-06-09,2024-06-09,1,50,50,66,66,Candy (Feat. Zion.T),Jay Park,single,1,False,50,66,True,2024-06-05,45.0,65.0,3.0,-5.0,1.0,2024-06-09,50,0,False,0.42105263157894735,0.3986013986013986,0.0,1.0,44.81413323518587
carnival | ¥$ & kanye west & ty dolla $ign,2,2025-03-06,2025-03-06,1,50,50,96,96,CARNIVAL,¥$ & Kanye West & Ty Dolla $ign,album,16,True,50,96,True,2025-02-21,43.0,86.0,12.0,-7.0,10.0,2025-03-06,50,0,False,0.38596491228070173,0.46153846153846156,0.0,1.0,44.6693657219973
carnival | ¥$ & kanye west & ty dolla $ign,3,2025-03-08,2025-03-08,1,48,48,96,96,CARNIVAL,¥$ & Kanye West & Ty Dolla $ign,album,16,True,48,96,True,2025-03-06,50.0,96.0,1.0,2.0,0.0,2025-03-08,48,0,False,0.543859649122807,0.3916083916083916,0.0,1.0,49.58655379708012
chihiro | billie eilish,2,2025-05-23,2025-05-25,3,46,46,90,92,CHIHIRO,Billie Eilish,album,10,False,47,92,True,2025-05-19,47.0,61.0,3.0,1.0,29.0,2025-05-23,46,0,False,0.5263157894736842,0.5944055944055944,0.008849557522123894,1.0,53.11773461750173
chk chk boom | stray kids,2,2025-08-07,2025-08-09,3,44,44,68,68,Chk Chk Boom,Stray Kids,album,8,False,49,68,True,2025-08-03,46.0,67.0,3.0,2.0,1.0,2025-08-07,44,0,False,0.543859649122807,0.3986013986013986,0.008849557522123894,1.0,49.90340508738274
christmas love | jimin,2,2024-06-21,2024-06-22,2,48,48,68,68,Christmas Love,Jimin,single,1,False,48,68,True,2024-06-18,50.0,68.0,2.0,2.0,0.0,2024-06-21,48,0,False,0.543859649122807,0.3916083916083916,0.004424778761061947,1.0,49.67504937230135
christmas love | jimin,3,2024-11-05,2024-11-06,2,28,28,69,69,Christmas Love,Jimin,single,1,False,28,69,True,2024-06-22,48.0,68.0,135.0,20.0,1.0,2024-11-05,28,0,False,0.8596491228070176,0.3986013986013986,0.004424778761061947,1.0,62.44648845952992
christmas love | jimin,4,2024-11-08,2024-11-08,1,50,50,69,69,Christmas Love,Jimin,single,1,False,50,69,True,2024-11-06,28.0,69.0,1.0,-22.0,0.0,2024-11-08,50,0,False,0.12280701754385964,0.3916083916083916,0.0,1.0,32.744448533922224
christmas love | jimin,5,2024-11-10,2024-11-11,2,46,33,69,69,Christmas Love,Jimin,single,1,False,33,69,True,2024-11-08,50.0,69.0,1.0,4.0,0.0,2024-11-11,33,1,False,0.5789473684210527,0.3916083916083916,0.004424778761061947,0.990909090909091,50.896739962412994
christmas love | jimin,6,2024-11-18,2024-11-18,1,48,48,69,69,Christmas Love,Jimin,single,1,False,48,69,True,2024-11-11,33.0,69.0,6.0,-15.0,0.0,2024-11-18,48,0,False,0.24561403508771928,0.3916083916083916,0.0,1.0,37.65672923567661
christmas love | jimin,7,2024-11-22,2024-11-22,1,49,49,69,69,Christmas Love,Jimin,single,1,False,49,69,True,2024-11-18,48.0,69.0,3.0,-1.0,0.0,2024-11-22,49,0,False,0.49122807017543857,0.3916083916083916,0.0,1.0,47.481290639185374
christmas love | jimin,8,2024-11-24,2024-11-24,1,46,46,69,69,Christmas Love,Jimin,single,1,False,46,69,True,2024-11-22,49.0,69.0,1.0,3.0,0.0,2024-11-24,46,0,False,0.5614035087719298,0.3916083916083916,0.0,1.0,50.288308183045025
christmas love | jimin,9,2024-11-28,2024-11-28,1,48,48,69,69,Christmas Love,Jimin,single,1,False,48,69,True,2024-11-24,46.0,69.0,3.0,-2.0,0.0,2024-11-28,48,0,False,0.47368421052631576,0.3916083916083916,0.0,1.0,46.77953625322046
christmas love | jimin,10,2024-12-02,2024-12-03,2,50,46,69,69,Christmas Love,Jimin,single,1,False,46,69,True,2024-11-28,48.0,69.0,3.0,-2.0,0.0,2024-12-03,46,1,False,0.47368421052631576,0.3916083916083916,0.004424778761061947,0.990909090909091,46.68621364662352
christmas love | jimin,11,2024-12-05,2024-12-05,1,47,47,69,69,Christmas Love,Jimin,single,1,False,47,69,True,2024-12-03,46.0,69.0,1.0,-1.0,0.0,2024-12-05,47,0,False,0.49122807017543857,0.3916083916083916,0.0,1.0,47.481290639185374
christmas love | jimin,12,2024-12-09,2024-12-10,2,40,40,70,70,Christmas Love,Jimin,single,1,False,41,70,True,2024-12-05,47.0,69.0,3.0,7.0,1.0,2024-12-09,40,0,False,0.631578947368421,0.3986013986013986,0.004424778761061947,1.0,53.32368144198605
christmas love | jimin,13,2024-12-12,2024-12-12,1,42,42,70,70,Christmas Love,Jimin,single,1,False,42,70,True,2024-12-10,41.0,70.0,1.0,-1.0,0.0,2024-12-12,42,0,False,0.49122807017543857,0.3916083916083916,0.0,1.0,47.481290639185374
christmas love | jimin,14,2024-12-17,2024-12-18,2,33,33,71,71,Christmas Love,Jimin,single,1,False,33,71,True,2024-12-12,42.0,70.0,4.0,9.0,1.0,2024-12-17,33,0,False,0.6666666666666666,0.3986013986013986,0.004424778761061947,1.0,54.727190213915875
christmas love | jimin,15,2024-12-20,2024-12-28,9,30,24,71,71,Christmas Love,Jimin,single,1,False,49,70,True,2024-12-18,33.0,71.0,1.0,3.0,0.0,2024-12-25,24,5,False,0.5614035087719298,0.3916083916083916,0.035398230088495575,0.9545454545454546,50.08718187572403
christmas tree | v,2,2024-09-18,2024-09-19,2,44,44,81,81,Christmas Tree,V,single,2,False,47,81,True,2024-09-09,32.0,82.0,8.0,-12.0,-1.0,2024-09-18,44,0,False,0.2982456140350877,0.38461538461538464,0.004424778761061947,1.0,39.71062782893244
click like (prod. crush) (feat. paul blanco) | various artists,2,2024-09-13,2024-09-13,1,48,48,66,66,Click Like (Prod. Crush) (Feat. Paul Blanco),Various Artists,single,4,False,48,66,True,2024-09-09,41.0,60.0,3.0,-7.0,6.0,2024-09-13,48,0,False,0.38596491228070173,0.43356643356643354,0.0,1.0,44.10992516255674
closer to you (feat. major lazer) | jung kook,2,2024-12-05,2024-12-14,10,44,33,86,86,Closer to You (feat. Major Lazer),Jung Kook,album,11,False,42,86,True,2024-12-03,47.0,86.0,1.0,3.0,0.0,2024-12-06,33,1,False,0.5614035087719298,0.3916083916083916,0.03982300884955752,0.990909090909091,50.902950178218
closer to you (feat. major lazer) | jung kook,3,2024-12-16,2024-12-16,1,48,48,86,86,Closer to You (feat. Major Lazer),Jung Kook,album,11,False,48,86,True,2024-12-14,42.0,86.0,1.0,-6.0,0.0,2024-12-16,48,0,False,0.40350877192982454,0.3916083916083916,0.0,1.0,43.97251870936082
closer to you (feat. major lazer) | jung kook,4,2024-12-20,2024-12-21,2,49,47,85,85,Closer to You (feat. Major Lazer),Jung Kook,album,11,False,47,85,True,2024-12-16,48.0,86.0,3.0,-1.0,-1.0,2024-12-21,47,1,False,0.49122807017543857,0.38461538461538464,0.004424778761061947,0.990909090909091,47.2481078927283
closer to you (feat. major lazer) | jung kook,5,2024-12-29,2024-12-29,1,43,43,81,81,Closer to You (feat. Major Lazer),Jung Kook,album,11,False,43,81,True,2024-12-21,47.0,85.0,7.0,4.0,-4.0,2024-12-29,43,0,False,0.5789473684210527,0.36363636363636365,0.0,1.0,50.43062200956938
closer to you (feat. major lazer) | jung kook,6,2025-01-05,2025-01-05,1,46,46,83,83,Closer to You (feat. Major Lazer),Jung Kook,album,11,False,46,83,True,2024-12-29,43.0,81.0,6.0,-3.0,2.0,2025-01-05,46,0,False,0.45614035087719296,0.40559440559440557,0.0,1.0,46.35750214697583
closer to you (feat. major lazer) | jung kook,7,2025-01-10,2025-01-10,1,47,47,84,84,Closer to You (feat. Major Lazer),Jung Kook,album,11,False,47,84,True,2025-01-05,46.0,83.0,4.0,-1.0,1.0,2025-01-10,47,0,False,0.49122807017543857,0.3986013986013986,0.0,1.0,47.62115077904552
closer to you (feat. major lazer) | jung kook,8,2025-01-12,2025-01-12,1,50,50,84,84,Closer to You (feat. Major Lazer),Jung Kook,album,11,False,50,84,True,2025-01-10,47.0,84.0,1.0,-3.0,0.0,2025-01-12,50,0,False,0.45614035087719296,0.3916083916083916,0.0,1.0,46.07778186725556
closer to you (feat. major lazer) | jung kook,9,2025-01-16,2025-01-16,1,49,49,83,83,Closer to You (feat. Major Lazer),Jung Kook,album,11,False,49,83,True,2025-01-12,50.0,84.0,3.0,1.0,-1.0,2025-01-16,49,0,False,0.5263157894736842,0.38461538461538464,0.0,1.0,48.74493927125506
closer to you (feat. major lazer) | jung kook,10,2025-02-25,2025-02-28,4,49,41,82,82,Closer to You (feat. Major Lazer),Jung Kook,album,11,False,45,82,True,2025-01-16,49.0,83.0,39.0,0.0,-1.0,2025-02-26,41,1,False,0.5087719298245614,0.38461538461538464,0.01327433628318584,0.990909090909091,48.12685342913569
closer to you (feat. major lazer) | jung kook,11,2025-03-02,2025-03-05,4,47,37,81,81,Closer to You (feat. Major Lazer),Jung Kook,album,11,False,37,81,True,2025-02-28,45.0,82.0,1.0,-2.0,-1.0,2025-03-04,37,2,False,0.47368421052631576,0.38461538461538464,0.01327433628318584,0.9818181818181818,46.54152647538768
closer to you (feat. major lazer) | jung kook,12,2025-03-07,2025-03-07,1,48,48,80,80,Closer to You (feat. Major Lazer),Jung Kook,album,11,False,48,80,True,2025-03-05,37.0,81.0,1.0,-11.0,-1.0,2025-03-07,48,0,False,0.3157894736842105,0.38461538461538464,0.0,1.0,40.32388663967612
come back to me | rm,2,2025-05-26,2025-05-26,1,42,42,63,63,Come back to me,RM,album,11,False,42,63,True,2025-05-16,47.0,78.0,9.0,5.0,-15.0,2025-05-26,42,0,False,0.5964912280701754,0.2867132867132867,0.0,1.0,49.593914857072754
cool with you | newjeans,2,2024-10-19,2024-10-19,1,48,48,85,85,Cool With You,NewJeans,single,6,False,48,85,True,2024-10-15,50.0,85.0,3.0,2.0,0.0,2024-10-19,48,0,False,0.543859649122807,0.3916083916083916,0.0,1.0,49.58655379708012
crazy | le sserafim,2,2025-11-22,2025-11-23,2,45,45,80,80,CRAZY,LE SSERAFIM,album,8,False,49,80,True,2025-11-20,39.0,80.0,1.0,-6.0,0.0,2025-11-22,45,0,False,0.40350877192982454,0.3916083916083916,0.004424778761061947,1.0,44.06101428458206
crooked | g-dragon,2,2025-11-09,2025-11-10,2,47,47,62,63,CROOKED,G-DRAGON,album,12,False,50,63,True,2025-11-05,40.0,61.0,3.0,-7.0,1.0,2025-11-09,47,0,False,0.38596491228070173,0.3986013986013986,0.004424778761061947,1.0,43.49912003847728
crooked | g-dragon,3,2025-11-27,2025-11-27,1,47,47,65,65,CROOKED,G-DRAGON,album,12,False,47,65,True,2025-11-10,50.0,63.0,16.0,3.0,2.0,2025-11-27,47,0,False,0.5614035087719298,0.40559440559440557,0.0,1.0,50.56802846276531
cruel summer | taylor swift,2,2024-07-07,2024-09-29,85,44,35,98,100,Cruel Summer,Taylor Swift,album,18,False,44,98,True,2024-07-04,35.0,97.0,2.0,-9.0,1.0,2024-08-06,35,30,False,0.3508771929824561,0.3986013986013986,0.37168141592920356,0.7272727272727273,43.986198555364844
cruel summer | taylor swift,3,2024-10-04,2024-10-08,5,46,43,98,99,Cruel Summer,Taylor Swift,album,18,False,50,99,True,2024-09-29,44.0,98.0,4.0,-2.0,0.0,2024-10-06,43,2,False,0.47368421052631576,0.3916083916083916,0.017699115044247787,0.9818181818181818,46.76988219046906
cruel summer | taylor swift,4,2024-10-20,2024-10-21,2,45,45,99,99,Cruel Summer,Taylor Swift,album,18,False,46,99,True,2024-10-08,50.0,99.0,11.0,5.0,0.0,2024-10-20,45,0,False,0.5964912280701754,0.3916083916083916,0.004424778761061947,1.0,51.780312530196085
cruel summer | taylor swift,5,2024-10-24,2024-10-25,2,50,50,100,100,Cruel Summer,Taylor Swift,album,18,False,50,100,True,2024-10-21,46.0,99.0,2.0,-4.0,1.0,2024-10-24,50,0,False,0.43859649122807015,0.3986013986013986,0.004424778761061947,1.0,45.60438319637202
cruel summer | taylor swift,6,2024-12-28,2025-03-13,76,48,22,95,100,Cruel Summer,Taylor Swift,album,18,False,29,98,True,2024-10-25,50.0,100.0,63.0,2.0,-5.0,2025-02-21,22,55,False,0.543859649122807,0.35664335664335667,0.33185840707964603,0.5,45.52442123937234
cruel summer | taylor swift,9,2025-04-26,2025-04-27,2,46,46,96,96,Cruel Summer,Taylor Swift,album,18,False,48,96,True,2025-04-24,48.0,96.0,1.0,2.0,0.0,2025-04-26,46,0,False,0.543859649122807,0.3916083916083916,0.004424778761061947,1.0,49.67504937230135
cruel summer | taylor swift,10,2025-06-12,2025-06-15,4,50,49,88,88,Cruel Summer,Taylor Swift,album,18,False,49,88,True,2025-04-27,48.0,96.0,45.0,-2.0,-8.0,2025-06-14,49,2,False,0.47368421052631576,0.3356643356643357,0.01327433628318584,0.9818181818181818,45.5625054963667
cruel summer | taylor swift,11,2025-06-17,2025-06-21,5,47,45,88,89,Cruel Summer,Taylor Swift,album,18,False,45,89,True,2025-06-15,49.0,88.0,1.0,2.0,0.0,2025-06-20,45,3,False,0.543859649122807,0.3916083916083916,0.017699115044247787,0.9727272727272728,49.39508155251053
cruel summer | taylor swift,13,2025-08-07,2025-08-12,6,48,44,92,93,Cruel Summer,Taylor Swift,album,18,False,46,93,True,2025-08-04,47.0,93.0,2.0,-1.0,-1.0,2025-08-10,44,3,False,0.49122807017543857,0.38461538461538464,0.022123893805309734,0.9727272727272728,47.23845382997689
cruel summer | taylor swift,15,2025-08-25,2025-08-27,3,47,47,92,92,Cruel Summer,Taylor Swift,album,18,False,47,92,True,2025-08-23,47.0,92.0,1.0,0.0,0.0,2025-08-25,47,0,False,0.5087719298245614,0.3916083916083916,0.008849557522123894,1.0,48.36003617559277
cruel summer | taylor swift,16,2025-08-31,2025-08-31,1,43,43,92,92,Cruel Summer,Taylor Swift,album,18,False,43,92,True,2025-08-27,47.0,92.0,3.0,4.0,0.0,2025-08-31,43,0,False,0.5789473684210527,0.3916083916083916,0.0,1.0,50.99006256900994
cruel summer | taylor swift,17,2025-09-18,2025-09-18,1,49,49,92,92,Cruel Summer,Taylor Swift,album,18,False,49,92,True,2025-08-31,43.0,92.0,17.0,-6.0,0.0,2025-09-18,49,0,False,0.40350877192982454,0.3916083916083916,0.0,1.0,43.97251870936082
cupid - twin ver. | fifty fifty,2,2024-07-07,2024-07-21,15,43,36,99,99,Cupid - Twin Ver.,FIFTY FIFTY,single,3,False,45,98,True,2024-07-04,31.0,99.0,2.0,-12.0,0.0,2024-07-10,36,3,False,0.2982456140350877,0.3916083916083916,0.061946902654867256,0.9727272727272728,40.45547590121414
cupid - twin ver. | fifty fifty,3,2024-07-26,2024-07-26,1,49,49,97,97,Cupid - Twin Ver.,FIFTY FIFTY,single,3,False,49,97,True,2024-07-21,45.0,98.0,4.0,-4.0,-1.0,2024-07-26,49,0,False,0.43859649122807015,0.38461538461538464,0.0,1.0,45.2361673414305
cupid - twin ver. | fifty fifty,4,2024-08-06,2024-08-06,1,50,50,96,96,Cupid - Twin Ver.,FIFTY FIFTY,single,3,False,50,96,True,2024-07-26,49.0,97.0,10.0,-1.0,-1.0,2024-08-06,50,0,False,0.49122807017543857,0.38461538461538464,0.0,1.0,47.341430499325234
cupid | fifty fifty,2,2024-07-09,2024-07-12,4,50,42,87,87,Cupid,FIFTY FIFTY,single,3,False,50,87,True,2024-07-04,36.0,87.0,4.0,-14.0,0.0,2024-07-10,42,1,False,0.2631578947368421,0.3916083916083916,0.01327433628318584,0.990909090909091,38.44215216548705
cupido | engel montaz & kuv507 & latinnites music,2,2025-01-10,2025-01-10,1,32,32,70,70,Cupido,Engel Montaz & Kuv507 & Latinnites Music,single,1,False,32,70,True,2025-01-08,47.0,69.0,1.0,15.0,1.0,2025-01-10,32,0,False,0.7719298245614035,0.3986013986013986,0.0,1.0,58.84922095448412
dance the night (from barbie the album) | dua lipa,2,2024-06-09,2024-06-09,1,46,46,90,90,Dance The Night (From Barbie The Album),Dua Lipa,single,1,False,46,90,True,2024-06-03,42.0,86.0,5.0,-4.0,4.0,2024-06-09,46,0,False,0.43859649122807015,0.4195804195804196,0.0,1.0,45.935468040731195
dance the night (from barbie the album) | dua lipa,3,2024-07-26,2024-07-28,3,45,41,95,96,Dance The Night (From Barbie The Album),Dua Lipa,single,1,False,41,96,True,2024-06-09,46.0,90.0,46.0,1.0,5.0,2024-07-27,41,1,False,0.5263157894736842,0.42657342657342656,0.008849557522123894,0.990909090909091,49.579273079040206
dance the night (from barbie the album) | dua lipa,4,2024-07-30,2024-08-11,13,50,41,96,97,Dance The Night (From Barbie The Album),Dua Lipa,single,1,False,48,97,True,2024-07-28,41.0,96.0,1.0,-9.0,0.0,2024-08-06,41,7,False,0.3508771929824561,0.3916083916083916,0.05309734513274336,0.9363636363636364,41.656475181393674
dangerously | charlie puth,2,2024-06-04,2024-06-08,5,47,44,48,63,Dangerously,Charlie Puth,album,14,False,46,63,True,2024-06-02,47.0,48.0,1.0,0.0,0.0,2024-06-05,44,1,False,0.5087719298245614,0.3916083916083916,0.017699115044247787,0.990909090909091,48.35520914421707
dangerously | charlie puth,3,2024-06-13,2024-06-13,1,49,49,64,64,Dangerously,Charlie Puth,album,12,False,49,64,True,2024-06-08,46.0,63.0,4.0,-3.0,1.0,2024-06-13,49,0,False,0.45614035087719296,0.3986013986013986,0.0,1.0,46.21764200711569
dangerously | charlie puth,4,2024-06-16,2024-06-20,5,44,42,64,64,Dangerously,Charlie Puth,album,12,False,50,64,True,2024-06-13,49.0,64.0,2.0,5.0,0.0,2024-06-19,42,3,False,0.5964912280701754,0.3916083916083916,0.017699115044247787,0.9727272727272728,51.500344710405265
dangerously | charlie puth,5,2024-07-01,2024-07-01,1,44,44,65,65,Dangerously,Charlie Puth,album,12,False,44,65,True,2024-06-20,50.0,64.0,10.0,6.0,1.0,2024-07-01,44,0,False,0.6140350877192983,0.3986013986013986,0.0,1.0,52.5334314807999
dare to love (feat. big naughty) | b.i,2,2024-07-04,2024-07-04,1,48,48,64,64,Dare to Love (feat. BIG Naughty),B.I,album,15,False,48,64,True,2024-07-01,48.0,64.0,2.0,0.0,0.0,2024-07-04,48,0,False,0.5087719298245614,0.3916083916083916,0.0,1.0,48.18304502515029
discord | qwer,2,2024-12-15,2024-12-16,2,44,44,59,59,Discord,QWER,single,4,False,50,59,True,2024-12-12,49.0,58.0,2.0,5.0,1.0,2024-12-15,44,0,False,0.5964912280701754,0.3986013986013986,0.004424778761061947,1.0,51.92017267005622
ditto | newjeans,2,2024-11-08,2024-11-19,12,43,43,85,85,Ditto,NewJeans,single,1,False,49,84,True,2024-11-03,49.0,85.0,4.0,6.0,0.0,2024-11-08,43,0,False,0.6140350877192983,0.3916083916083916,0.048672566371681415,1.0,53.36702266837339
ditto | newjeans,3,2024-11-21,2024-11-21,1,47,47,84,84,Ditto,NewJeans,single,1,False,47,84,True,2024-11-19,49.0,84.0,1.0,2.0,0.0,2024-11-21,47,0,False,0.543859649122807,0.3916083916083916,0.0,1.0,49.58655379708012
ditto | newjeans,4,2024-11-23,2025-02-12,82,50,27,84,86,Ditto,NewJeans,single,1,False,42,85,True,2024-11-21,47.0,84.0,1.0,-3.0,0.0,2024-12-11,27,18,False,0.45614035087719296,0.3916083916083916,0.3584070796460177,0.8363636363636364,49.97319618744864
ditto | newjeans,5,2025-02-16,2025-02-17,2,50,50,85,85,Ditto,NewJeans,single,1,False,50,85,True,2025-02-12,42.0,85.0,3.0,-8.0,0.0,2025-02-16,50,0,False,0.3684210526315789,0.3916083916083916,0.004424778761061947,1.0,42.65750551265223
ditto | newjeans,6,2025-03-11,2025-03-12,2,49,49,83,83,Ditto,NewJeans,single,1,False,49,83,True,2025-02-17,50.0,85.0,21.0,1.0,-2.0,2025-03-11,49,0,False,0.5263157894736842,0.3776223776223776,0.004424778761061947,1.0,48.693574706616154
ditto | newjeans,9,2025-04-01,2025-04-01,1,47,47,80,80,Ditto,NewJeans,single,1,False,47,80,True,2025-03-26,49.0,81.0,5.0,2.0,-1.0,2025-04-01,47,0,False,0.543859649122807,0.38461538461538464,0.0,1.0,49.446693657219974
ditto | newjeans,10,2025-04-27,2025-05-15,19,46,33,81,81,Ditto,NewJeans,single,1,False,48,80,True,2025-04-01,47.0,80.0,25.0,1.0,1.0,2025-04-30,33,3,False,0.5263157894736842,0.3986013986013986,0.07964601769911504,0.9727272727272728,50.0721253595031
ditto | newjeans,11,2025-05-17,2025-05-18,2,49,48,80,80,Ditto,NewJeans,single,1,False,48,80,True,2025-05-15,48.0,80.0,1.0,-1.0,0.0,2025-05-18,48,1,False,0.49122807017543857,0.3916083916083916,0.004424778761061947,0.990909090909091,47.38796803258843
ditto | newjeans,12,2025-05-20,2025-05-20,1,49,49,80,80,Ditto,NewJeans,single,1,False,49,80,True,2025-05-18,48.0,80.0,1.0,-1.0,0.0,2025-05-20,49,0,False,0.49122807017543857,0.3916083916083916,0.0,1.0,47.481290639185374
ditto | newjeans,13,2025-05-31,2025-07-10,41,42,38,80,80,Ditto,NewJeans,single,1,False,46,78,True,2025-05-20,49.0,80.0,10.0,7.0,0.0,2025-06-03,38,3,False,0.631578947368421,0.3916083916083916,0.17699115044247787,0.9727272727272728,56.089694190299696
ditto | newjeans,15,2025-07-20,2025-07-20,1,49,49,79,79,Ditto,NewJeans,single,1,False,49,79,True,2025-07-17,50.0,79.0,2.0,1.0,0.0,2025-07-20,49,0,False,0.5263157894736842,0.3916083916083916,0.0,1.0,48.8847994111152
ditto | newjeans,16,2025-07-24,2025-07-24,1,45,45,79,79,Ditto,NewJeans,single,1,False,45,79,True,2025-07-20,49.0,79.0,3.0,4.0,0.0,2025-07-24,45,0,False,0.5789473684210527,0.3916083916083916,0.0,1.0,50.99006256900994
ditto | newjeans,17,2025-07-26,2025-07-30,5,50,50,78,79,Ditto,NewJeans,single,1,False,50,78,True,2025-07-24,45.0,79.0,1.0,-5.0,-1.0,2025-07-26,50,0,False,0.42105263157894735,0.38461538461538464,0.017699115044247787,1.0,44.88839525635054
ditto | newjeans,18,2025-08-03,2025-08-03,1,47,47,79,79,Ditto,NewJeans,single,1,False,47,79,True,2025-07-30,50.0,78.0,3.0,3.0,1.0,2025-08-03,47,0,False,0.5614035087719298,0.3986013986013986,0.0,1.0,50.42816832290518
ditto | newjeans,19,2025-08-10,2025-08-11,2,45,45,78,79,Ditto,NewJeans,single,1,False,48,79,True,2025-08-03,47.0,79.0,6.0,2.0,-1.0,2025-08-10,45,0,False,0.543859649122807,0.38461538461538464,0.004424778761061947,1.0,49.53518923244121
ditto | newjeans,21,2025-09-13,2025-09-14,2,48,48,78,78,Ditto,NewJeans,single,1,False,49,78,True,2025-08-16,48.0,79.0,27.0,0.0,-1.0,2025-09-13,48,0,False,0.5087719298245614,0.38461538461538464,0.004424778761061947,1.0,48.13168046051139
ditto | newjeans,22,2025-09-16,2025-09-20,5,49,45,78,79,Ditto,NewJeans,single,1,False,49,79,True,2025-09-14,49.0,78.0,1.0,0.0,0.0,2025-09-19,45,3,False,0.5087719298245614,0.3916083916083916,0.017699115044247787,0.9727272727272728,47.991572780580704
ditto | newjeans,23,2025-09-25,2025-09-25,1,45,45,78,78,Ditto,NewJeans,single,1,False,45,78,True,2025-09-20,49.0,79.0,4.0,4.0,-1.0,2025-09-25,45,0,False,0.5789473684210527,0.38461538461538464,0.0,1.0,50.850202429149796
ditto | newjeans,24,2025-10-05,2025-10-08,4,50,46,78,78,Ditto,NewJeans,single,1,False,50,78,True,2025-09-25,45.0,78.0,9.0,-5.0,0.0,2025-10-07,46,2,False,0.42105263157894735,0.3916083916083916,0.01327433628318584,0.9818181818181818,44.576123457353084
ditto | newjeans,25,2025-10-12,2025-10-16,5,45,30,77,77,Ditto,NewJeans,single,1,False,50,77,True,2025-10-08,50.0,78.0,3.0,5.0,-1.0,2025-10-15,30,3,False,0.5964912280701754,0.38461538461538464,0.017699115044247787,0.9727272727272728,51.360484570545125
ditto | newjeans,26,2025-10-18,2025-10-18,1,39,39,77,77,Ditto,NewJeans,single,1,False,39,77,True,2025-10-16,50.0,77.0,1.0,11.0,0.0,2025-10-18,39,0,False,0.7017543859649122,0.3916083916083916,0.0,1.0,55.902343270764334
ditto | newjeans,27,2025-10-23,2025-10-23,1,48,48,77,77,Ditto,NewJeans,single,1,False,48,77,True,2025-10-18,39.0,77.0,4.0,-9.0,0.0,2025-10-23,48,0,False,0.3508771929824561,0.3916083916083916,0.0,1.0,41.86725555146607
ditto | newjeans,28,2025-11-05,2025-11-05,1,48,48,77,77,Ditto,NewJeans,single,1,False,48,77,True,2025-10-23,48.0,77.0,12.0,0.0,0.0,2025-11-05,48,0,False,0.5087719298245614,0.3916083916083916,0.0,1.0,48.18304502515029
do or die | lim young woong,6,2025-10-22,2025-10-23,2,46,46,60,60,Do or Die,Lim Young Woong,single,1,False,49,60,True,2025-10-20,43.0,60.0,1.0,-3.0,0.0,2025-10-22,46,0,False,0.45614035087719296,0.3916083916083916,0.004424778761061947,1.0,46.1662774424768
do or die | lim young woong,7,2025-11-03,2025-11-16,14,45,41,59,59,Do or Die,Lim Young Woong,single,1,False,47,59,True,2025-10-23,49.0,60.0,10.0,4.0,-1.0,2025-11-09,41,6,False,0.5789473684210527,0.38461538461538464,0.05752212389380531,0.9454545454545454,50.90973581611681
do or die | lim young woong,8,2025-11-19,2025-11-19,1,46,46,59,59,Do or Die,Lim Young Woong,single,1,False,46,59,True,2025-11-16,47.0,59.0,2.0,1.0,0.0,2025-11-19,46,0,False,0.5263157894736842,0.3916083916083916,0.0,1.0,48.8847994111152
double take | dhruv,2,2025-09-25,2025-09-26,2,39,39,83,83,double take,Dhruv,album,8,False,44,83,True,2025-09-22,49.0,83.0,2.0,10.0,0.0,2025-09-25,39,0,False,0.6842105263157895,0.3916083916083916,0.004424778761061947,1.0,55.28908446002065
double take | dhruv,3,2025-09-30,2025-10-01,2,47,47,82,82,double take,Dhruv,album,8,False,49,82,True,2025-09-26,44.0,83.0,3.0,-3.0,-1.0,2025-09-30,47,0,False,0.45614035087719296,0.38461538461538464,0.004424778761061947,1.0,46.02641730261665
double take | dhruv,4,2025-10-03,2025-10-09,7,48,45,82,82,double take,Dhruv,album,8,False,50,82,True,2025-10-01,49.0,82.0,1.0,1.0,0.0,2025-10-08,45,5,False,0.5263157894736842,0.3916083916083916,0.02654867256637168,0.9545454545454546,48.50668195335173
double take | dhruv,5,2025-10-19,2025-10-22,4,41,30,82,82,double take,Dhruv,album,8,False,49,82,True,2025-10-09,50.0,82.0,9.0,9.0,0.0,2025-10-21,30,2,False,0.6666666666666666,0.3916083916083916,0.01327433628318584,0.9818181818181818,54.40068486086186
double take | dhruv,6,2025-10-24,2025-10-29,6,40,36,82,82,double take,Dhruv,album,8,False,49,82,True,2025-10-22,49.0,82.0,1.0,9.0,0.0,2025-10-25,36,1,False,0.6666666666666666,0.3916083916083916,0.022123893805309734,0.990909090909091,54.759494193122514
double take | dhruv,7,2025-10-31,2025-11-08,9,49,39,82,82,double take,Dhruv,album,8,False,49,82,True,2025-10-29,49.0,82.0,1.0,0.0,0.0,2025-11-02,39,2,False,0.5087719298245614,0.3916083916083916,0.035398230088495575,0.9818181818181818,48.52737326328384
drama | aespa,4,2025-04-07,2025-04-17,11,48,45,83,83,Drama,aespa,album,7,False,49,83,True,2025-04-05,48.0,83.0,1.0,0.0,0.0,2025-04-14,45,7,False,0.5087719298245614,0.3916083916083916,0.04424778761061947,0.9363636363636364,47.795273504635404
drama | aespa,5,2025-04-20,2025-04-20,1,50,50,83,83,Drama,aespa,album,7,False,50,83,True,2025-04-17,49.0,83.0,2.0,-1.0,0.0,2025-04-20,50,0,False,0.49122807017543857,0.3916083916083916,0.0,1.0,47.481290639185374
drama | aespa,6,2025-05-03,2025-05-09,7,47,43,82,83,Drama,aespa,album,7,False,47,83,True,2025-04-20,50.0,83.0,12.0,3.0,-1.0,2025-05-05,43,2,False,0.5614035087719298,0.38461538461538464,0.02654867256637168,0.9818181818181818,50.31578513087596
drama | aespa,7,2025-05-11,2025-07-03,54,46,25,83,84,Drama,aespa,album,7,False,50,82,True,2025-05-09,47.0,83.0,1.0,1.0,0.0,2025-05-24,25,13,False,0.5263157894736842,0.3916083916083916,0.2345132743362832,0.8818181818181818,51.21142853420451
dreamers [music from the fifa world cup qatar 2022 official soundtrack] | jung kook & bts,2,2024-10-16,2024-10-18,3,38,31,82,82,Dreamers [Music from the FIFA World Cup Qatar 2022 Official Soundtrack],Jung Kook & BTS,single,1,False,31,82,True,2024-10-13,48.0,82.0,2.0,10.0,0.0,2024-10-17,31,1,False,0.6842105263157895,0.3916083916083916,0.008849557522123894,0.990909090909091,55.19576185342371
dreamers [music from the fifa world cup qatar 2022 official soundtrack] | jung kook & bts,3,2024-10-20,2024-10-22,3,42,28,82,82,Dreamers [Music from the FIFA World Cup Qatar 2022 Official Soundtrack],Jung Kook & BTS,single,1,False,47,82,True,2024-10-18,31.0,82.0,1.0,-11.0,0.0,2024-10-21,28,1,False,0.3157894736842105,0.3916083916083916,0.008849557522123894,0.990909090909091,40.458919748160554
dreamers [music from the fifa world cup qatar 2022 official soundtrack] | jung kook & bts,4,2024-10-26,2024-10-30,5,33,21,82,82,Dreamers [Music from the FIFA World Cup Qatar 2022 Official Soundtrack],Jung Kook & BTS,single,1,False,30,82,True,2024-10-22,47.0,82.0,3.0,14.0,0.0,2024-10-27,21,1,False,0.7543859649122807,0.3916083916083916,0.017699115044247787,0.990909090909091,58.17977054772585
dreamers [music from the fifa world cup qatar 2022 official soundtrack] | jung kook & bts,5,2024-11-20,2024-11-20,1,28,28,80,80,Dreamers [Music from the FIFA World Cup Qatar 2022 Official Soundtrack],Jung Kook & BTS,single,1,False,28,80,True,2024-10-30,30.0,82.0,20.0,2.0,-2.0,2024-11-20,28,0,False,0.543859649122807,0.3776223776223776,0.0,1.0,49.306833517359834
drowning | woodz,2,2025-11-19,2025-11-19,1,49,49,61,61,Drowning,WOODZ,single,7,False,49,61,True,2025-11-17,49.0,60.0,1.0,0.0,1.0,2025-11-19,49,0,False,0.5087719298245614,0.3986013986013986,0.0,1.0,48.32290516501043
drowning | woodz,3,2025-11-22,2025-11-22,1,49,49,61,61,Drowning,WOODZ,single,7,False,49,61,True,2025-11-19,49.0,61.0,2.0,0.0,0.0,2025-11-22,49,0,False,0.5087719298245614,0.3916083916083916,0.0,1.0,48.18304502515029
easy | le sserafim,4,2025-06-29,2025-06-29,1,48,48,80,80,EASY,LE SSERAFIM,single,5,False,48,80,True,2025-06-23,48.0,78.0,5.0,0.0,2.0,2025-06-29,48,0,False,0.5087719298245614,0.40559440559440557,0.0,1.0,48.46276530487057
easy | le sserafim,6,2025-08-08,2025-08-08,1,49,49,79,79,EASY,LE SSERAFIM,single,5,False,49,79,True,2025-08-03,50.0,80.0,4.0,1.0,-1.0,2025-08-08,49,0,False,0.5263157894736842,0.38461538461538464,0.0,1.0,48.74493927125506
easy | le sserafim,7,2025-08-10,2025-08-12,3,38,35,80,80,EASY,LE SSERAFIM,single,5,False,42,80,True,2025-08-08,49.0,79.0,1.0,11.0,1.0,2025-08-11,35,1,False,0.7017543859649122,0.3986013986013986,0.008849557522123894,0.990909090909091,56.03737637924876
easy | le sserafim,9,2025-08-24,2025-08-24,1,47,47,79,79,EASY,LE SSERAFIM,single,5,False,47,79,True,2025-08-21,50.0,80.0,2.0,3.0,-1.0,2025-08-24,47,0,False,0.5614035087719298,0.38461538461538464,0.0,1.0,50.14844804318488
easy | le sserafim,10,2025-08-26,2025-08-27,2,49,49,79,79,EASY,LE SSERAFIM,single,5,False,49,79,True,2025-08-24,47.0,79.0,1.0,-2.0,0.0,2025-08-26,49,0,False,0.47368421052631576,0.3916083916083916,0.004424778761061947,1.0,46.8680318284417
easy | le sserafim,11,2025-08-29,2025-08-31,3,45,45,79,79,EASY,LE SSERAFIM,single,5,False,50,79,True,2025-08-27,49.0,79.0,1.0,4.0,0.0,2025-08-29,45,0,False,0.5789473684210527,0.3916083916083916,0.008849557522123894,1.0,51.16705371945242
elevator | lim young woong,2,2024-11-18,2024-11-20,3,49,48,55,55,Elevator,Lim Young Woong,single,2,False,49,55,True,2024-11-16,50.0,55.0,1.0,1.0,0.0,2024-11-19,48,1,False,0.5263157894736842,0.3916083916083916,0.008849557522123894,0.990909090909091,48.879972379739506
elevator | lim young woong,3,2024-11-22,2024-11-22,1,50,50,56,56,Elevator,Lim Young Woong,single,2,False,50,56,True,2024-11-20,49.0,55.0,1.0,-1.0,1.0,2024-11-22,50,0,False,0.49122807017543857,0.3986013986013986,0.0,1.0,47.62115077904552
elevator | lim young woong,4,2024-12-08,2024-12-08,1,50,50,56,56,Elevator,Lim Young Woong,single,2,False,50,56,True,2024-11-22,50.0,56.0,15.0,0.0,0.0,2024-12-08,50,0,False,0.5087719298245614,0.3916083916083916,0.0,1.0,48.18304502515029
eta | newjeans,2,2024-11-23,2024-11-28,6,48,47,85,85,ETA,NewJeans,single,6,False,50,85,True,2024-11-14,49.0,86.0,8.0,1.0,-1.0,2024-11-26,47,3,False,0.5263157894736842,0.38461538461538464,0.022123893805309734,0.9727272727272728,48.64196260190671
eta | newjeans,3,2024-11-30,2024-12-24,25,49,31,85,85,ETA,NewJeans,single,6,False,45,83,True,2024-11-28,50.0,85.0,1.0,1.0,0.0,2024-12-11,31,11,False,0.5263157894736842,0.3916083916083916,0.10619469026548672,0.9,49.008693216424945
eta | newjeans,4,2024-12-27,2025-02-21,57,50,32,83,85,ETA,NewJeans,single,6,False,48,84,True,2024-12-24,45.0,83.0,2.0,-5.0,0.0,2025-01-07,32,11,False,0.42105263157894735,0.3916083916083916,0.24778761061946902,0.9,47.630025307715115
eta | newjeans,5,2025-02-23,2025-03-13,19,49,40,84,84,ETA,NewJeans,single,6,False,45,82,True,2025-02-21,48.0,84.0,1.0,-1.0,0.0,2025-03-08,40,13,False,0.49122807017543857,0.3916083916083916,0.07964601769911504,0.8818181818181818,46.710574629531315
eta | newjeans,8,2025-04-07,2025-04-16,10,50,47,80,81,ETA,NewJeans,single,6,False,49,81,True,2025-04-05,50.0,80.0,1.0,0.0,0.0,2025-04-13,47,6,False,0.5087719298245614,0.3916083916083916,0.03982300884955752,0.9454545454545454,47.888596111232346
eta | newjeans,9,2025-04-18,2025-04-18,1,50,50,81,81,ETA,NewJeans,single,6,False,50,81,True,2025-04-16,49.0,81.0,1.0,-1.0,0.0,2025-04-18,50,0,False,0.49122807017543857,0.3916083916083916,0.0,1.0,47.481290639185374
eta | newjeans,10,2025-04-27,2025-05-25,29,41,25,81,81,ETA,NewJeans,single,6,False,44,80,True,2025-04-18,50.0,81.0,8.0,9.0,0.0,2025-05-02,25,5,False,0.6666666666666666,0.3916083916083916,0.12389380530973451,0.9545454545454546,56.067619695938276
eta | newjeans,11,2025-05-27,2025-07-05,40,48,31,79,79,ETA,NewJeans,single,6,False,47,78,True,2025-05-25,44.0,80.0,1.0,-4.0,-1.0,2025-06-03,31,7,False,0.43859649122807015,0.38461538461538464,0.17256637168141592,0.9363636363636364,47.41476750233155
eta | newjeans,12,2025-07-08,2025-07-08,1,48,48,78,78,ETA,NewJeans,single,6,False,48,78,True,2025-07-05,47.0,78.0,2.0,-1.0,0.0,2025-07-08,48,0,False,0.49122807017543857,0.3916083916083916,0.0,1.0,47.481290639185374
eta | newjeans,14,2025-07-24,2025-07-24,1,50,50,78,78,ETA,NewJeans,single,6,False,50,78,True,2025-07-16,49.0,78.0,7.0,-1.0,0.0,2025-07-24,50,0,False,0.49122807017543857,0.3916083916083916,0.0,1.0,47.481290639185374
eta | newjeans,16,2025-10-18,2025-10-18,1,50,50,79,79,ETA,NewJeans,single,6,False,50,79,True,2025-10-15,50.0,78.0,2.0,0.0,1.0,2025-10-18,50,0,False,0.5087719298245614,0.3986013986013986,0.0,1.0,48.32290516501043
eta | newjeans,17,2025-10-20,2025-10-21,2,45,42,79,79,ETA,NewJeans,single,6,False,42,79,True,2025-10-18,50.0,79.0,1.0,5.0,0.0,2025-10-21,42,1,False,0.5964912280701754,0.3916083916083916,0.004424778761061947,0.990909090909091,51.59849434837791
eta | newjeans,18,2025-10-26,2025-10-26,1,43,43,79,79,ETA,NewJeans,single,6,False,43,79,True,2025-10-21,42.0,79.0,4.0,-1.0,0.0,2025-10-26,43,0,False,0.49122807017543857,0.3916083916083916,0.0,1.0,47.481290639185374
eta | newjeans,19,2025-11-05,2025-11-05,1,47,47,79,79,ETA,NewJeans,single,6,False,47,79,True,2025-10-26,43.0,79.0,9.0,-4.0,0.0,2025-11-05,47,0,False,0.43859649122807015,0.3916083916083916,0.0,1.0,45.37602748129064
euphoria | kendrick lamar,2,2025-05-06,2025-05-06,1,50,50,89,89,euphoria,Kendrick Lamar,single,1,True,50,89,True,2025-05-04,42.0,85.0,1.0,-8.0,4.0,2025-05-06,50,0,False,0.3684210526315789,0.4195804195804196,0.0,1.0,43.12845049687155
face-off | jimin,4,2025-05-31,2025-05-31,1,49,49,73,73,Face-off,Jimin,single,6,True,49,73,True,2025-05-29,45.0,73.0,1.0,-4.0,0.0,2025-05-31,49,0,False,0.43859649122807015,0.3916083916083916,0.0,1.0,45.37602748129064
face-off | jimin,5,2025-06-02,2025-06-02,1,49,49,73,73,Face-off,Jimin,single,6,True,49,73,True,2025-05-31,49.0,73.0,1.0,0.0,0.0,2025-06-02,49,0,False,0.5087719298245614,0.3916083916083916,0.0,1.0,48.18304502515029
face-off | jimin,6,2025-06-05,2025-06-07,3,43,40,72,72,Face-off,Jimin,single,6,True,43,72,True,2025-06-02,49.0,73.0,2.0,6.0,-1.0,2025-06-06,40,1,False,0.6140350877192983,0.38461538461538464,0.008849557522123894,0.990909090909091,52.24888416970393
face-off | jimin,7,2025-06-09,2025-06-23,15,41,30,68,68,Face-off,Jimin,single,6,True,40,68,True,2025-06-07,43.0,72.0,1.0,2.0,-4.0,2025-06-19,30,10,False,0.543859649122807,0.36363636363636365,0.061946902654867256,0.9090909090909091,48.447869472555084
face-off | jimin,8,2025-06-26,2025-06-29,4,47,31,69,70,Face-off,Jimin,single,6,True,36,70,True,2025-06-23,40.0,68.0,2.0,-7.0,1.0,2025-06-28,31,2,False,0.38596491228070173,0.3986013986013986,0.01327433628318584,0.9818181818181818,43.312474825283395
face-off | jimin,9,2025-07-01,2025-07-03,3,49,49,71,72,Face-off,Jimin,single,6,True,49,72,True,2025-06-29,36.0,70.0,1.0,-13.0,1.0,2025-07-01,49,0,False,0.2807017543859649,0.3986013986013986,0.008849557522123894,1.0,39.37708929790905
face-off | jimin,10,2025-07-06,2025-07-06,1,50,50,72,72,Face-off,Jimin,single,6,True,50,72,True,2025-07-03,49.0,72.0,2.0,-1.0,0.0,2025-07-06,50,0,False,0.49122807017543857,0.3916083916083916,0.0,1.0,47.481290639185374
fact check | nct 127,2,2024-10-19,2024-10-20,2,50,46,74,75,Fact Check,NCT 127,album,9,False,46,75,True,2024-10-13,44.0,70.0,5.0,-6.0,4.0,2024-10-20,46,1,False,0.40350877192982454,0.4195804195804196,0.004424778761061947,0.990909090909091,44.43863666220443
fate | (g)i-dle,4,2025-05-27,2025-05-27,1,44,44,74,74,Fate,(G)I-DLE,album,8,False,44,74,True,2025-05-25,40.0,75.0,1.0,-4.0,-1.0,2025-05-27,44,0,False,0.43859649122807015,0.38461538461538464,0.0,1.0,45.2361673414305
fate | (g)i-dle,5,2025-06-01,2025-06-04,4,49,46,74,74,Fate,(G)I-DLE,album,8,False,46,74,True,2025-05-27,44.0,74.0,4.0,-5.0,0.0,2025-06-04,46,3,False,0.42105263157894735,0.3916083916083916,0.01327433628318584,0.9727272727272728,44.394305275534904
father | lim young woong,2,2024-10-30,2024-10-30,1,47,47,57,57,Father,Lim Young Woong,album,12,False,47,57,True,2024-10-26,47.0,57.0,3.0,0.0,0.0,2024-10-30,47,0,False,0.5087719298245614,0.3916083916083916,0.0,1.0,48.18304502515029
father | lim young woong,3,2024-11-01,2025-01-20,81,43,28,57,60,Father,Lim Young Woong,album,12,False,42,59,True,2024-10-30,47.0,57.0,1.0,4.0,0.0,2024-12-02,28,31,False,0.5789473684210527,0.3916083916083916,0.35398230088495575,0.7181818181818183,52.433344950345415
father | lim young woong,4,2025-01-22,2025-02-09,19,42,39,59,59,Father,Lim Young Woong,album,12,False,46,58,True,2025-01-20,42.0,59.0,1.0,0.0,0.0,2025-01-27,39,5,False,0.5087719298245614,0.3916083916083916,0.07964601769911504,0.9545454545454546,48.86687447004168
father | lim young woong,5,2025-02-19,2025-02-20,2,46,46,58,58,Father,Lim Young Woong,album,12,False,46,58,True,2025-02-09,46.0,58.0,9.0,0.0,0.0,2025-02-19,46,0,False,0.5087719298245614,0.3916083916083916,0.004424778761061947,1.0,48.27154060037152
father | lim young woong,6,2025-02-26,2025-02-27,2,50,50,58,58,Father,Lim Young Woong,album,12,False,50,58,True,2025-02-20,46.0,58.0,5.0,-4.0,0.0,2025-02-26,50,0,False,0.43859649122807015,0.3916083916083916,0.004424778761061947,1.0,45.46452305651188
fighting (feat. lee young ji) | bss,2,2024-06-06,2024-06-07,2,49,49,78,78,Fighting (Feat. Lee Young Ji),BSS,single,3,False,49,78,True,2024-06-02,45.0,78.0,3.0,-4.0,0.0,2024-06-06,49,0,False,0.43859649122807015,0.3916083916083916,0.004424778761061947,1.0,45.46452305651188
filter | bts,2,2024-06-14,2024-06-15,2,43,43,75,75,Filter,BTS,album,20,False,45,75,True,2024-06-12,46.0,75.0,1.0,3.0,0.0,2024-06-14,43,0,False,0.5614035087719298,0.3916083916083916,0.004424778761061947,1.0,50.37680375826626
filter | bts,3,2024-06-21,2024-06-22,2,47,47,76,76,Filter,BTS,album,20,False,50,76,True,2024-06-15,45.0,75.0,5.0,-2.0,1.0,2024-06-21,47,0,False,0.47368421052631576,0.3986013986013986,0.004424778761061947,1.0,47.00789196830185
flower | jisoo,2,2024-06-23,2024-06-27,5,48,37,85,85,FLOWER,JISOO,single,2,False,40,85,True,2024-06-21,49.0,85.0,1.0,1.0,0.0,2024-06-25,37,2,False,0.5263157894736842,0.3916083916083916,0.017699115044247787,0.9818181818181818,48.8751453483638
flower | jisoo,3,2024-06-29,2024-06-30,2,44,44,85,85,FLOWER,JISOO,single,2,False,44,85,True,2024-06-27,40.0,85.0,1.0,-4.0,0.0,2024-06-29,44,0,False,0.43859649122807015,0.3916083916083916,0.004424778761061947,1.0,45.46452305651188
flower | jisoo,4,2024-07-23,2024-07-24,2,45,45,84,84,FLOWER,JISOO,single,2,False,45,84,True,2024-06-30,44.0,85.0,22.0,-1.0,-1.0,2024-07-23,45,0,False,0.49122807017543857,0.38461538461538464,0.004424778761061947,1.0,47.42992607454647
for us | v,2,2024-12-31,2025-01-09,10,44,41,80,82,For Us,V,single,6,False,46,82,True,2024-11-09,48.0,85.0,51.0,4.0,-5.0,2025-01-03,41,3,False,0.5789473684210527,0.35664335664335667,0.03982300884955752,0.9727272727272728,50.54176750124585
fortnight (feat. post malone) | taylor swift,2,2025-05-28,2025-05-29,2,50,49,95,95,Fortnight (feat. Post Malone),Taylor Swift,album,16,False,49,95,True,2025-05-26,46.0,95.0,1.0,-4.0,0.0,2025-05-29,49,1,False,0.43859649122807015,0.3916083916083916,0.004424778761061947,0.990909090909091,45.2827048746937
fortnight (feat. post malone) | taylor swift,3,2025-06-02,2025-06-06,5,50,50,95,95,Fortnight (feat. Post Malone),Taylor Swift,album,16,False,50,94,True,2025-05-29,49.0,95.0,3.0,-1.0,0.0,2025-06-02,50,0,False,0.49122807017543857,0.3916083916083916,0.017699115044247787,1.0,47.835272940070325
fri(end)s | v,3,2025-06-28,2025-06-28,1,48,48,88,88,FRI(END)S,V,single,4,False,48,88,True,2025-06-25,48.0,87.0,2.0,0.0,1.0,2025-06-28,48,0,False,0.5087719298245614,0.3986013986013986,0.0,1.0,48.32290516501043
fri(end)s | v,4,2025-06-30,2025-07-10,11,49,43,88,90,FRI(END)S,V,single,4,False,44,89,True,2025-06-28,48.0,88.0,1.0,-1.0,0.0,2025-07-01,43,1,False,0.49122807017543857,0.3916083916083916,0.04424778761061947,0.990909090909091,48.184428209579586
fri(end)s | v,6,2025-07-17,2025-07-20,4,48,45,90,90,FRI(END)S,V,single,4,False,45,90,True,2025-07-14,50.0,90.0,2.0,2.0,0.0,2025-07-20,45,3,False,0.543859649122807,0.3916083916083916,0.01327433628318584,0.9727272727272728,49.30658597728929
fri(end)s | v,7,2025-07-22,2025-07-22,1,49,49,90,90,FRI(END)S,V,single,4,False,49,90,True,2025-07-20,45.0,90.0,1.0,-4.0,0.0,2025-07-22,49,0,False,0.43859649122807015,0.3916083916083916,0.0,1.0,45.37602748129064
fry’s dream | akmu,2,2024-09-05,2024-09-09,5,41,40,59,60,Fry’s Dream,AKMU,single,2,False,43,60,True,2024-08-25,46.0,52.0,10.0,5.0,7.0,2024-09-06,40,1,False,0.5964912280701754,0.4405594405594406,0.017699115044247787,0.990909090909091,52.843002053062605
fry’s dream | akmu,3,2024-09-12,2024-10-26,45,39,18,61,66,Fry’s Dream,AKMU,single,2,False,49,66,True,2024-09-09,43.0,60.0,2.0,4.0,1.0,2024-09-29,18,17,False,0.5789473684210527,0.3986013986013986,0.19469026548672566,0.8454545454545455,51.9328189276955
get a guitar | riize,2,2024-12-06,2024-12-20,15,49,39,54,65,Get A Guitar,RIIZE,single,2,False,50,65,True,2024-11-16,45.0,46.0,19.0,-4.0,8.0,2024-12-15,39,9,False,0.43859649122807015,0.44755244755244755,0.061946902654867256,0.9181818181818182,46.097483016905464
get a guitar | riize,3,2024-12-23,2024-12-24,2,47,47,66,66,Get A Guitar,RIIZE,single,2,False,50,66,True,2024-12-20,50.0,65.0,2.0,3.0,1.0,2024-12-23,47,0,False,0.5614035087719298,0.3986013986013986,0.004424778761061947,1.0,50.51666389812641
get a guitar | riize,4,2024-12-28,2025-03-13,76,38,23,64,72,Get A Guitar,RIIZE,single,2,False,37,70,True,2024-12-24,50.0,66.0,3.0,12.0,-2.0,2025-02-10,23,44,False,0.7192982456140351,0.3776223776223776,0.33185840707964603,0.6,54.96154551860187
get a guitar | riize,7,2025-04-06,2025-04-10,5,49,41,67,67,Get A Guitar,RIIZE,single,2,False,48,67,True,2025-03-29,48.0,67.0,7.0,-1.0,0.0,2025-04-08,41,2,False,0.49122807017543857,0.3916083916083916,0.017699115044247787,0.9818181818181818,47.47163657643397
get a guitar | riize,8,2025-04-12,2025-04-15,4,49,49,67,67,Get A Guitar,RIIZE,single,2,False,50,67,True,2025-04-10,48.0,67.0,1.0,-1.0,0.0,2025-04-12,49,0,False,0.49122807017543857,0.3916083916083916,0.01327433628318584,1.0,47.746777364849095
get a guitar | riize,9,2025-04-24,2025-04-24,1,50,50,67,67,Get A Guitar,RIIZE,single,2,False,50,67,True,2025-04-15,50.0,67.0,8.0,0.0,0.0,2025-04-24,50,0,False,0.5087719298245614,0.3916083916083916,0.0,1.0,48.18304502515029
girls never die | triples,2,2025-06-24,2025-06-27,4,50,47,69,70,Girls Never Die,tripleS,album,10,False,47,70,True,2025-06-21,42.0,68.0,2.0,-8.0,1.0,2025-06-27,47,3,False,0.3684210526315789,0.3986013986013986,0.01327433628318584,0.9727272727272728,42.428902257500305
gods | league of legends & newjeans,2,2025-01-25,2025-01-25,1,48,48,85,85,GODS,League of Legends & NewJeans,single,1,False,48,85,True,2025-01-22,45.0,85.0,2.0,-3.0,0.0,2025-01-25,48,0,False,0.45614035087719296,0.3916083916083916,0.0,1.0,46.07778186725556
gods | league of legends & newjeans,3,2025-01-31,2025-01-31,1,49,49,85,85,GODS,League of Legends & NewJeans,single,1,False,49,85,True,2025-01-25,48.0,85.0,5.0,-1.0,0.0,2025-01-31,49,0,False,0.49122807017543857,0.3916083916083916,0.0,1.0,47.481290639185374
grain of sand | lim young woong,6,2025-10-22,2025-10-22,1,47,47,58,58,Grain of Sand,Lim Young Woong,single,1,False,47,58,True,2025-10-20,49.0,58.0,1.0,2.0,0.0,2025-10-22,47,0,False,0.543859649122807,0.3916083916083916,0.0,1.0,49.58655379708012
grain of sand | lim young woong,7,2025-11-03,2025-11-03,1,49,49,58,58,Grain of Sand,Lim Young Woong,single,1,False,49,58,True,2025-10-22,47.0,58.0,11.0,-2.0,0.0,2025-11-03,49,0,False,0.47368421052631576,0.3916083916083916,0.0,1.0,46.77953625322046
grain of sand | lim young woong,8,2025-11-05,2025-11-22,18,46,40,58,59,Grain of Sand,Lim Young Woong,single,1,False,50,59,True,2025-11-03,49.0,58.0,1.0,3.0,0.0,2025-11-09,40,4,False,0.5614035087719298,0.3916083916083916,0.0752212389380531,0.9636363636363636,51.06546023453337
greedy | tate mcrae,2,2024-10-10,2024-10-13,4,50,45,96,96,greedy,Tate McRae,single,1,True,46,96,True,2024-10-08,48.0,95.0,1.0,-2.0,1.0,2024-10-12,45,2,False,0.47368421052631576,0.3986013986013986,0.01327433628318584,0.9818181818181818,46.821246755107964
haegeum | agust d,2,2024-06-16,2024-06-18,3,48,44,90,90,Haegeum,Agust D,album,10,False,45,90,True,2024-06-12,49.0,90.0,3.0,1.0,0.0,2024-06-17,44,1,False,0.5263157894736842,0.3916083916083916,0.008849557522123894,0.990909090909091,48.879972379739506
haegeum | agust d,3,2024-06-21,2024-10-12,114,50,29,90,90,Haegeum,Agust D,album,10,False,50,83,True,2024-06-18,45.0,90.0,2.0,-5.0,0.0,2024-08-12,29,52,False,0.42105263157894735,0.3916083916083916,0.5,0.5272727272727273,45.21972764078027
haegeum | agust d,4,2024-10-16,2024-10-16,1,47,47,84,84,Haegeum,Agust D,album,10,False,47,84,True,2024-10-12,50.0,83.0,3.0,3.0,1.0,2024-10-16,47,0,False,0.5614035087719298,0.3986013986013986,0.0,1.0,50.42816832290518
haegeum | agust d,5,2024-10-20,2024-10-21,2,49,49,84,84,Haegeum,Agust D,album,10,False,50,84,True,2024-10-16,47.0,84.0,3.0,-2.0,0.0,2024-10-20,49,0,False,0.47368421052631576,0.3916083916083916,0.004424778761061947,1.0,46.8680318284417
haegeum | agust d,6,2024-10-23,2024-10-25,3,45,45,84,84,Haegeum,Agust D,album,10,False,48,84,True,2024-10-21,50.0,84.0,1.0,5.0,0.0,2024-10-23,45,0,False,0.5964912280701754,0.3916083916083916,0.008849557522123894,1.0,51.868808105417315
hate you | jung kook,2,2024-12-27,2025-01-27,32,47,28,84,85,Hate You,Jung Kook,album,11,False,46,84,True,2024-12-24,49.0,85.0,2.0,2.0,-1.0,2025-01-03,28,7,False,0.543859649122807,0.38461538461538464,0.13716814159292035,0.9363636363636364,50.91732921635111
hate you | jung kook,3,2025-01-30,2025-01-30,1,45,45,83,83,Hate You,Jung Kook,album,11,False,45,83,True,2025-01-27,46.0,84.0,2.0,1.0,-1.0,2025-01-30,45,0,False,0.5263157894736842,0.38461538461538464,0.0,1.0,48.74493927125506
hate you | jung kook,4,2025-02-02,2025-03-09,36,44,29,83,83,Hate You,Jung Kook,album,11,False,43,81,True,2025-01-30,45.0,83.0,2.0,1.0,0.0,2025-02-14,29,12,False,0.5263157894736842,0.3916083916083916,0.15486725663716813,0.8909090909090909,49.80032636204039
hate you | jung kook,5,2025-03-11,2025-03-13,3,47,44,81,81,Hate You,Jung Kook,album,11,False,44,80,True,2025-03-09,43.0,81.0,1.0,-4.0,0.0,2025-03-13,44,2,False,0.43859649122807015,0.3916083916083916,0.008849557522123894,0.9818181818181818,45.189382268096765
hero | lim young woong,2,2024-10-27,2024-11-03,8,49,43,56,57,HERO,Lim Young Woong,single,2,False,45,57,True,2024-10-23,50.0,56.0,3.0,1.0,0.0,2024-11-02,43,6,False,0.5263157894736842,0.3916083916083916,0.030973451327433628,0.9454545454545454,48.41335934675479
hero | lim young woong,3,2024-11-05,2025-02-09,97,48,26,57,60,HERO,Lim Young Woong,single,2,False,41,58,True,2024-11-03,45.0,57.0,1.0,-3.0,0.0,2024-11-30,26,25,False,0.45614035087719296,0.3916083916083916,0.4247787610619469,0.7727272727272727,50.02790254303995
hero | lim young woong,4,2025-02-11,2025-02-12,2,46,46,58,58,HERO,Lim Young Woong,single,2,False,49,58,True,2025-02-09,41.0,58.0,1.0,-5.0,0.0,2025-02-11,46,0,False,0.42105263157894735,0.3916083916083916,0.004424778761061947,1.0,44.76276867054697
hero | lim young woong,5,2025-02-18,2025-02-20,3,50,47,58,58,HERO,Lim Young Woong,single,2,False,47,58,True,2025-02-12,49.0,58.0,5.0,-1.0,0.0,2025-02-19,47,1,False,0.49122807017543857,0.3916083916083916,0.008849557522123894,0.990909090909091,47.47646360780968
home | lim young woong,4,2025-11-01,2025-11-22,22,50,38,62,62,Home,Lim Young Woong,single,2,False,48,62,True,2025-10-25,49.0,62.0,6.0,-1.0,0.0,2025-11-03,38,2,False,0.49122807017543857,0.3916083916083916,0.09292035398230089,0.9818181818181818,48.976061355195036
"how can i love the heartbreak, you're the one i love | akmu",2,2025-10-24,2025-11-16,24,44,34,61,62,"How can I love the heartbreak, you're the one I love",AKMU,album,10,False,48,62,True,2025-10-22,44.0,61.0,1.0,0.0,0.0,2025-11-04,34,11,False,0.5087719298245614,0.3916083916083916,0.10176991150442478,0.9,48.21844325523879
"how can i love the heartbreak, you're the one i love | akmu",3,2025-11-18,2025-11-18,1,49,49,62,62,"How can I love the heartbreak, you're the one I love",AKMU,album,10,False,49,62,True,2025-11-16,48.0,62.0,1.0,-1.0,0.0,2025-11-18,49,0,False,0.49122807017543857,0.3916083916083916,0.0,1.0,47.481290639185374
hype boy | newjeans,2,2024-10-22,2024-10-22,1,50,50,85,85,Hype Boy,NewJeans,single,4,False,50,85,True,2024-10-20,48.0,85.0,1.0,-2.0,0.0,2024-10-22,50,0,False,0.47368421052631576,0.3916083916083916,0.0,1.0,46.77953625322046
hype boy | newjeans,3,2024-12-11,2024-12-11,1,50,50,84,84,Hype Boy,NewJeans,single,4,False,50,84,True,2024-10-22,50.0,85.0,49.0,0.0,-1.0,2024-12-11,50,0,False,0.5087719298245614,0.38461538461538464,0.0,1.0,48.04318488529015
hype boy | newjeans,4,2024-12-30,2024-12-30,1,46,46,81,81,Hype Boy,NewJeans,single,4,False,46,81,True,2024-12-11,50.0,84.0,18.0,4.0,-3.0,2024-12-30,46,0,False,0.5789473684210527,0.3706293706293706,0.0,1.0,50.570482149429516
hype boy | newjeans,5,2025-01-04,2025-01-15,12,48,42,83,84,Hype Boy,NewJeans,single,4,False,46,84,True,2024-12-30,46.0,81.0,4.0,-2.0,2.0,2025-01-06,42,2,False,0.47368421052631576,0.40559440559440557,0.048672566371681415,0.9818181818181818,47.66907149673801
hype boy | newjeans,6,2025-02-10,2025-02-10,1,49,49,84,84,Hype Boy,NewJeans,single,4,False,49,84,True,2025-01-15,46.0,84.0,25.0,-3.0,0.0,2025-02-10,49,0,False,0.45614035087719296,0.3916083916083916,0.0,1.0,46.07778186725556
hype boy | newjeans,8,2025-03-30,2025-03-30,1,50,50,80,80,Hype Boy,NewJeans,single,4,False,50,80,True,2025-03-26,47.0,80.0,3.0,-3.0,0.0,2025-03-30,50,0,False,0.45614035087719296,0.3916083916083916,0.0,1.0,46.07778186725556
hype boy | newjeans,9,2025-04-01,2025-04-02,2,46,46,80,80,Hype Boy,NewJeans,single,4,False,49,80,True,2025-03-30,50.0,80.0,1.0,4.0,0.0,2025-04-01,46,0,False,0.5789473684210527,0.3916083916083916,0.004424778761061947,1.0,51.07855814423118
hype boy | newjeans,10,2025-04-04,2025-04-04,1,48,48,80,80,Hype Boy,NewJeans,single,4,False,48,80,True,2025-04-02,49.0,80.0,1.0,1.0,0.0,2025-04-04,48,0,False,0.5263157894736842,0.3916083916083916,0.0,1.0,48.8847994111152
hype boy | newjeans,11,2025-04-11,2025-04-16,6,46,43,80,80,Hype Boy,NewJeans,single,4,False,48,80,True,2025-04-04,48.0,80.0,6.0,2.0,0.0,2025-04-14,43,3,False,0.543859649122807,0.3916083916083916,0.022123893805309734,0.9727272727272728,49.48357712773177
hype boy | newjeans,12,2025-04-27,2025-05-25,29,45,30,80,80,Hype Boy,NewJeans,single,4,False,43,80,True,2025-04-16,48.0,80.0,10.0,3.0,0.0,2025-04-29,30,2,False,0.5614035087719298,0.3916083916083916,0.12389380530973451,0.9818181818181818,52.40254792560335
hype boy | newjeans,13,2025-05-27,2025-07-10,45,49,29,80,80,Hype Boy,NewJeans,single,4,False,41,78,True,2025-05-25,43.0,80.0,1.0,-6.0,0.0,2025-06-03,29,7,False,0.40350877192982454,0.3916083916083916,0.19469026548672566,0.9363636363636364,46.59359674636806
hype boy | newjeans,16,2025-08-31,2025-08-31,1,47,47,79,79,Hype Boy,NewJeans,single,4,False,47,79,True,2025-08-27,44.0,79.0,3.0,-3.0,0.0,2025-08-31,47,0,False,0.45614035087719296,0.3916083916083916,0.0,1.0,46.07778186725556
hype boy | newjeans,17,2025-09-07,2025-09-12,6,46,46,79,79,Hype Boy,NewJeans,single,4,False,46,79,True,2025-08-31,47.0,79.0,6.0,1.0,0.0,2025-09-07,46,0,False,0.5263157894736842,0.3916083916083916,0.022123893805309734,1.0,49.3272772872214
hype boy | newjeans,18,2025-09-14,2025-09-14,1,50,50,79,79,Hype Boy,NewJeans,single,4,False,50,79,True,2025-09-12,46.0,79.0,1.0,-4.0,0.0,2025-09-14,50,0,False,0.43859649122807015,0.3916083916083916,0.0,1.0,45.37602748129064
hype boy | newjeans,19,2025-09-16,2025-09-20,5,44,44,79,79,Hype Boy,NewJeans,single,4,False,50,79,True,2025-09-14,50.0,79.0,1.0,6.0,0.0,2025-09-16,44,0,False,0.6140350877192983,0.3916083916083916,0.017699115044247787,1.0,52.747553641824716
hype boy | newjeans,20,2025-09-23,2025-09-24,2,50,49,79,79,Hype Boy,NewJeans,single,4,False,49,79,True,2025-09-20,50.0,79.0,2.0,0.0,0.0,2025-09-24,49,1,False,0.5087719298245614,0.3916083916083916,0.004424778761061947,0.990909090909091,48.08972241855335
hype boy | newjeans,21,2025-09-29,2025-09-30,2,49,49,78,78,Hype Boy,NewJeans,single,4,False,50,78,True,2025-09-24,49.0,79.0,4.0,0.0,-1.0,2025-09-29,49,0,False,0.5087719298245614,0.38461538461538464,0.004424778761061947,1.0,48.13168046051139
hype boy | newjeans,22,2025-10-13,2025-10-13,1,50,50,77,77,Hype Boy,NewJeans,single,4,False,50,77,True,2025-09-30,50.0,78.0,12.0,0.0,-1.0,2025-10-13,50,0,False,0.5087719298245614,0.38461538461538464,0.0,1.0,48.04318488529015
i don’t think that i like her | charlie puth,2,2024-06-16,2024-06-16,1,49,49,73,73,I Don’t Think That I Like Her,Charlie Puth,album,12,False,49,73,True,2024-05-29,47.0,72.0,17.0,-2.0,1.0,2024-06-16,49,0,False,0.47368421052631576,0.3986013986013986,0.0,1.0,46.91939639308061
i don’t think that i like her | charlie puth,3,2024-06-18,2024-06-20,3,49,46,73,73,I Don’t Think That I Like Her,Charlie Puth,album,12,False,49,73,True,2024-06-16,49.0,73.0,1.0,0.0,0.0,2024-06-19,46,1,False,0.5087719298245614,0.3916083916083916,0.008849557522123894,0.990909090909091,48.17821799377459
i don’t think that i like her | charlie puth,4,2024-06-25,2024-06-26,2,48,48,73,73,I Don’t Think That I Like Her,Charlie Puth,album,12,False,48,73,True,2024-06-20,49.0,73.0,4.0,1.0,0.0,2024-06-25,48,0,False,0.5263157894736842,0.3916083916083916,0.004424778761061947,1.0,48.97329498633644
i don’t think that i like her | charlie puth,5,2024-07-01,2024-07-01,1,50,50,74,74,I Don’t Think That I Like Her,Charlie Puth,album,12,False,50,74,True,2024-06-26,48.0,73.0,4.0,-2.0,1.0,2024-07-01,50,0,False,0.47368421052631576,0.3986013986013986,0.0,1.0,46.91939639308061
i had some help (feat. morgan wallen) | post malone & morgan wallen,2,2025-05-23,2025-05-23,1,50,50,95,95,I Had Some Help (Feat. Morgan Wallen),Post Malone & Morgan Wallen,single,1,True,50,95,True,2025-05-19,45.0,93.0,3.0,-5.0,2.0,2025-05-23,50,0,False,0.42105263157894735,0.40559440559440557,0.0,1.0,44.95399337504601
i love you | lim young woong,2,2024-05-30,2024-05-31,2,46,46,56,56,I Love You,Lim Young Woong,album,12,False,50,56,True,2024-05-27,47.0,56.0,2.0,1.0,0.0,2024-05-30,46,0,False,0.5263157894736842,0.3916083916083916,0.004424778761061947,1.0,48.97329498633644
i love you | lim young woong,3,2024-06-03,2024-06-06,4,44,43,56,56,I Love You,Lim Young Woong,album,12,False,43,56,True,2024-05-31,50.0,56.0,2.0,6.0,0.0,2024-06-05,43,2,False,0.6140350877192983,0.3916083916083916,0.01327433628318584,0.9818181818181818,52.295421702967126
i love you | lim young woong,4,2024-06-10,2024-06-11,2,46,46,56,56,I Love You,Lim Young Woong,album,12,False,50,56,True,2024-06-06,43.0,56.0,3.0,-3.0,0.0,2024-06-10,46,0,False,0.45614035087719296,0.3916083916083916,0.004424778761061947,1.0,46.1662774424768
i love you | lim young woong,5,2024-06-13,2024-06-14,2,46,46,56,56,I Love You,Lim Young Woong,album,12,False,50,56,True,2024-06-11,50.0,56.0,1.0,4.0,0.0,2024-06-13,46,0,False,0.5789473684210527,0.3916083916083916,0.004424778761061947,1.0,51.07855814423118
i love you | lim young woong,6,2024-09-25,2024-09-26,2,48,48,55,55,I Love You,Lim Young Woong,album,12,False,48,55,True,2024-06-14,50.0,56.0,102.0,2.0,-1.0,2024-09-25,48,0,False,0.543859649122807,0.38461538461538464,0.004424778761061947,1.0,49.53518923244121
i love you | lim young woong,7,2024-10-17,2024-10-18,2,49,49,56,56,I Love You,Lim Young Woong,album,12,False,49,56,True,2024-09-26,48.0,55.0,20.0,-1.0,1.0,2024-10-17,49,0,False,0.49122807017543857,0.3986013986013986,0.004424778761061947,1.0,47.70964635426675
i love you | lim young woong,8,2024-10-22,2025-02-15,117,45,24,57,61,I Love You,Lim Young Woong,album,12,False,50,58,True,2024-10-18,49.0,56.0,3.0,4.0,1.0,2024-12-02,24,41,False,0.5789473684210527,0.3986013986013986,0.5132743362831859,0.6272727272727272,53.94086397998835
i love you | lim young woong,9,2025-02-18,2025-02-20,3,47,42,58,58,I Love You,Lim Young Woong,album,12,False,42,58,True,2025-02-15,50.0,58.0,2.0,3.0,0.0,2025-02-19,42,1,False,0.5614035087719298,0.3916083916083916,0.008849557522123894,0.990909090909091,50.28348115166932
i love you | lim young woong,10,2025-02-23,2025-02-23,1,50,50,58,58,I Love You,Lim Young Woong,album,12,False,50,58,True,2025-02-20,42.0,58.0,2.0,-8.0,0.0,2025-02-23,50,0,False,0.3684210526315789,0.3916083916083916,0.0,1.0,42.56900993743099
i love you | lim young woong,11,2025-02-26,2025-02-28,3,48,48,58,58,I Love You,Lim Young Woong,album,12,False,49,58,True,2025-02-23,50.0,58.0,2.0,2.0,0.0,2025-02-26,48,0,False,0.543859649122807,0.3916083916083916,0.008849557522123894,1.0,49.7635449475226
i love you | lim young woong,12,2025-03-04,2025-03-05,2,50,50,57,57,I Love You,Lim Young Woong,album,12,False,50,57,True,2025-02-28,49.0,58.0,3.0,-1.0,-1.0,2025-03-04,50,0,False,0.49122807017543857,0.38461538461538464,0.004424778761061947,1.0,47.42992607454647
i love you | lim young woong,13,2025-03-09,2025-03-09,1,46,46,57,57,I Love You,Lim Young Woong,album,12,False,46,57,True,2025-03-05,50.0,57.0,3.0,4.0,0.0,2025-03-09,46,0,False,0.5789473684210527,0.3916083916083916,0.0,1.0,50.99006256900994
i will come to you | jin,2,2025-11-23,2025-11-27,5,47,30,53,59,I will come to you,Jin,album,8,False,30,59,True,2025-11-21,37.0,43.0,1.0,-10.0,10.0,2025-11-27,30,4,False,0.3333333333333333,0.46153846153846156,0.017699115044247787,0.9636363636363636,42.19081213771479
if i have you only (my love x nerd connection) | nerd connection,2,2025-04-09,2025-04-09,1,47,47,53,53,If I have you only (My love X Nerd Connection),Nerd Connection,single,2,False,47,53,True,2025-04-02,50.0,53.0,6.0,3.0,0.0,2025-04-09,47,0,False,0.5614035087719298,0.3916083916083916,0.0,1.0,50.288308183045025
if i have you only (my love x nerd connection) | nerd connection,3,2025-04-12,2025-04-16,5,43,43,54,54,If I have you only (My love X Nerd Connection),Nerd Connection,single,2,False,45,54,True,2025-04-09,47.0,53.0,2.0,4.0,1.0,2025-04-12,43,0,False,0.5789473684210527,0.3986013986013986,0.017699115044247787,1.0,51.48390500975505
if i have you only (my love x nerd connection) | nerd connection,4,2025-04-18,2025-04-26,9,49,39,54,55,If I have you only (My love X Nerd Connection),Nerd Connection,single,2,False,44,55,True,2025-04-16,45.0,54.0,1.0,-4.0,0.0,2025-04-23,39,5,False,0.43859649122807015,0.3916083916083916,0.035398230088495575,0.9545454545454546,45.174901173969644
if i have you only (my love x nerd connection) | nerd connection,6,2025-09-07,2025-09-07,1,48,48,53,53,If I have you only (My love X Nerd Connection),Nerd Connection,single,2,False,48,53,True,2025-09-03,46.0,53.0,3.0,-2.0,0.0,2025-09-07,48,0,False,0.47368421052631576,0.3916083916083916,0.0,1.0,46.77953625322046
if i have you only (my love x nerd connection) | nerd connection,7,2025-09-09,2025-09-10,2,43,43,53,53,If I have you only (My love X Nerd Connection),Nerd Connection,single,2,False,43,53,True,2025-09-07,48.0,53.0,1.0,5.0,0.0,2025-09-09,43,0,False,0.5964912280701754,0.3916083916083916,0.004424778761061947,1.0,51.780312530196085
if i have you only (my love x nerd connection) | nerd connection,8,2025-09-15,2025-09-26,12,50,36,53,54,If I have you only (My love X Nerd Connection),Nerd Connection,single,2,False,46,54,True,2025-09-10,43.0,53.0,4.0,-7.0,0.0,2025-09-17,36,2,False,0.38596491228070173,0.3916083916083916,0.048672566371681415,0.9818181818181818,43.880579287193164
if i have you only (my love x nerd connection) | nerd connection,9,2025-09-29,2025-10-20,22,42,31,53,54,If I have you only (My love X Nerd Connection),Nerd Connection,single,2,False,47,54,True,2025-09-26,46.0,54.0,2.0,4.0,-1.0,2025-10-15,31,16,False,0.5789473684210527,0.38461538461538464,0.09292035398230089,0.8545454545454545,49.7995185997049
if i have you only (my love x nerd connection) | nerd connection,10,2025-10-22,2025-10-22,1,50,50,54,54,If I have you only (My love X Nerd Connection),Nerd Connection,single,2,False,50,54,True,2025-10-20,47.0,54.0,1.0,-3.0,0.0,2025-10-22,50,0,False,0.45614035087719296,0.3916083916083916,0.0,1.0,46.07778186725556
if we ever meet again | lim young woong,2,2024-07-30,2025-03-13,227,40,12,61,65,If We Ever Meet Again,Lim Young Woong,album,12,False,21,61,True,2024-07-28,43.0,61.0,1.0,3.0,0.0,2024-11-17,12,110,False,0.5614035087719298,0.3916083916083916,1.0,0.0,50.288308183045025
if we ever meet again | lim young woong,5,2025-05-29,2025-07-10,43,47,29,58,58,If We Ever Meet Again,Lim Young Woong,album,12,False,32,57,True,2025-05-26,47.0,58.0,2.0,0.0,0.0,2025-06-24,29,26,False,0.5087719298245614,0.3916083916083916,0.18584070796460178,0.7636363636363637,47.172586457169594
if we ever meet again | lim young woong,8,2025-10-01,2025-10-05,5,48,46,56,56,If We Ever Meet Again,Lim Young Woong,album,12,False,48,55,True,2025-09-29,43.0,56.0,1.0,-5.0,0.0,2025-10-02,46,1,False,0.42105263157894735,0.3916083916083916,0.017699115044247787,0.990909090909091,44.84643721439251
if we ever meet again | lim young woong,9,2025-10-07,2025-10-11,5,50,46,55,55,If We Ever Meet Again,Lim Young Woong,album,12,False,47,55,True,2025-10-05,48.0,55.0,1.0,-2.0,0.0,2025-10-08,46,1,False,0.47368421052631576,0.3916083916083916,0.017699115044247787,0.990909090909091,46.95170037228724
impossible | riize,2,2025-06-18,2025-06-21,4,49,44,63,63,Impossible,RIIZE,single,2,False,44,40,True,2025-05-25,46.0,69.0,23.0,-3.0,-6.0,2025-06-21,44,3,False,0.45614035087719296,0.34965034965034963,0.01327433628318584,0.9727272727272728,44.958653208303886
in bloom | zerobaseone,2,2024-07-17,2024-07-19,3,48,48,76,78,In Bloom,ZEROBASEONE,single,6,False,49,78,True,2024-07-14,44.0,73.0,2.0,-4.0,3.0,2024-07-17,48,0,False,0.43859649122807015,0.4125874125874126,0.008849557522123894,1.0,45.97259905131354
in bloom | zerobaseone,3,2024-07-22,2024-07-22,1,50,50,79,79,In Bloom,ZEROBASEONE,single,6,False,50,79,True,2024-07-19,49.0,78.0,2.0,-1.0,1.0,2024-07-22,50,0,False,0.49122807017543857,0.3986013986013986,0.0,1.0,47.62115077904552
interlude : dive | jimin,2,2024-05-24,2024-07-28,66,48,7,77,78,Interlude : Dive,Jimin,single,6,False,45,78,True,2024-05-20,38.0,78.0,3.0,-10.0,-1.0,2024-06-25,7,32,False,0.3333333333333333,0.38461538461538464,0.28761061946902655,0.7090909090909091,40.95967159683974
interlude : dive | jimin,3,2024-07-30,2024-09-12,45,44,14,78,78,Interlude : Dive,Jimin,single,6,False,32,77,True,2024-07-28,45.0,78.0,1.0,1.0,0.0,2024-08-16,14,17,False,0.5263157894736842,0.3916083916083916,0.19469026548672566,0.8454545454545455,49.68769562994062
interlude : dive | jimin,4,2024-09-14,2024-09-27,14,26,26,77,77,Interlude : Dive,Jimin,single,6,False,45,76,True,2024-09-12,32.0,77.0,1.0,6.0,0.0,2024-09-14,26,0,False,0.6140350877192983,0.3916083916083916,0.05752212389380531,1.0,53.54401381881586
interlude : dive | jimin,5,2024-09-29,2024-09-29,1,35,35,76,76,Interlude : Dive,Jimin,single,6,False,35,76,True,2024-09-27,45.0,76.0,1.0,10.0,0.0,2024-09-29,35,0,False,0.6842105263157895,0.3916083916083916,0.0,1.0,55.200588884799416
interlude : dive | jimin,6,2024-10-06,2024-10-09,4,37,37,77,77,Interlude : Dive,Jimin,single,6,False,45,77,True,2024-09-29,35.0,76.0,6.0,-2.0,1.0,2024-10-06,37,0,False,0.47368421052631576,0.3986013986013986,0.01327433628318584,1.0,47.184883118744324
interlude : dive | jimin,7,2024-10-12,2024-10-12,1,39,39,77,77,Interlude : Dive,Jimin,single,6,False,39,77,True,2024-10-09,45.0,77.0,2.0,6.0,0.0,2024-10-12,39,0,False,0.6140350877192983,0.3916083916083916,0.0,1.0,52.39357134093976
interlude : dive | jimin,8,2024-10-14,2024-10-15,2,46,46,77,78,Interlude : Dive,Jimin,single,6,False,46,78,True,2024-10-12,39.0,77.0,1.0,-7.0,0.0,2024-10-14,46,0,False,0.38596491228070173,0.3916083916083916,0.004424778761061947,1.0,43.35925989861714
interlude : dive | jimin,9,2024-10-17,2024-10-20,4,42,31,78,78,Interlude : Dive,Jimin,single,6,False,31,78,True,2024-10-15,46.0,78.0,1.0,4.0,0.0,2024-10-20,31,3,False,0.5789473684210527,0.3916083916083916,0.01327433628318584,0.9727272727272728,50.71009474921912
interlude : dive | jimin,10,2024-10-22,2025-01-27,98,35,17,79,79,Interlude : Dive,Jimin,single,6,False,34,77,True,2024-10-20,31.0,78.0,1.0,-4.0,1.0,2024-11-27,17,36,False,0.43859649122807015,0.3986013986013986,0.42920353982300885,0.6727272727272727,47.5545038721564
interlude : dive | jimin,11,2025-01-30,2025-01-31,2,44,36,77,77,Interlude : Dive,Jimin,single,6,False,36,77,True,2025-01-27,34.0,77.0,2.0,-10.0,0.0,2025-01-31,36,1,False,0.3333333333333333,0.3916083916083916,0.004424778761061947,0.990909090909091,41.07217855890423
interlude : dive | jimin,12,2025-02-02,2025-02-02,1,47,47,77,77,Interlude : Dive,Jimin,single,6,False,47,77,True,2025-01-31,36.0,77.0,1.0,-11.0,0.0,2025-02-02,47,0,False,0.3157894736842105,0.3916083916083916,0.0,1.0,40.46374677953626
interlude : dive | jimin,13,2025-02-04,2025-02-06,3,48,39,77,77,Interlude : Dive,Jimin,single,6,False,39,77,True,2025-02-02,47.0,77.0,1.0,-1.0,0.0,2025-02-05,39,1,False,0.49122807017543857,0.3916083916083916,0.008849557522123894,0.990909090909091,47.47646360780968
interlude : dive | jimin,14,2025-02-08,2025-02-11,4,49,40,77,77,Interlude : Dive,Jimin,single,6,False,42,77,True,2025-02-06,39.0,77.0,1.0,-10.0,0.0,2025-02-09,40,1,False,0.3333333333333333,0.3916083916083916,0.01327433628318584,0.990909090909091,41.2491697093467
interlude : dive | jimin,15,2025-02-14,2025-02-21,8,24,22,76,77,Interlude : Dive,Jimin,single,6,False,44,76,True,2025-02-11,42.0,77.0,2.0,18.0,-1.0,2025-02-15,22,1,False,0.8245614035087719,0.38461538461538464,0.030973451327433628,0.990909090909091,61.11241467738906
interlude : dive | jimin,16,2025-02-24,2025-03-02,7,39,31,76,76,Interlude : Dive,Jimin,single,6,False,34,76,True,2025-02-21,44.0,76.0,2.0,5.0,0.0,2025-02-26,31,2,False,0.5964912280701754,0.3916083916083916,0.02654867256637168,0.9818181818181818,51.85915404266592
interlude : dive | jimin,17,2025-03-06,2025-03-13,8,43,32,75,75,Interlude : Dive,Jimin,single,6,False,33,75,True,2025-03-02,34.0,76.0,3.0,-9.0,-1.0,2025-03-10,32,4,False,0.3508771929824561,0.38461538461538464,0.030973451327433628,0.9636363636363636,41.619591710881885
interlude : dive | jimin,20,2025-06-05,2025-06-08,4,41,41,82,82,Interlude : Dive,Jimin,single,6,False,50,82,True,2025-05-29,43.0,85.0,6.0,2.0,-3.0,2025-06-05,41,0,False,0.543859649122807,0.3706293706293706,0.01327433628318584,1.0,49.432460103163415
interlude : dive | jimin,21,2025-06-12,2025-06-23,12,46,37,75,75,Interlude : Dive,Jimin,single,6,False,50,74,True,2025-06-08,50.0,82.0,3.0,4.0,-7.0,2025-06-19,37,7,False,0.5789473684210527,0.34265734265734266,0.048672566371681415,0.9363636363636364,49.71176564469532
interlude : dive | jimin,22,2025-06-28,2025-06-29,2,47,42,77,77,Interlude : Dive,Jimin,single,6,False,42,77,True,2025-06-23,50.0,74.0,4.0,3.0,3.0,2025-06-29,42,1,False,0.5614035087719298,0.4125874125874126,0.004424778761061947,0.990909090909091,50.6145659960285
intro: singularity | bts,2,2024-08-21,2024-08-23,3,49,46,71,71,Intro: Singularity,BTS,album,11,False,50,71,True,2024-08-18,45.0,70.0,2.0,-4.0,1.0,2024-08-22,46,1,False,0.43859649122807015,0.3986013986013986,0.008849557522123894,0.990909090909091,45.511060589775084
intro: singularity | bts,3,2024-08-27,2024-08-28,2,49,45,71,72,Intro: Singularity,BTS,album,11,False,45,72,True,2024-08-23,50.0,71.0,3.0,1.0,0.0,2024-08-28,45,1,False,0.5263157894736842,0.3916083916083916,0.004424778761061947,0.990909090909091,48.79147680451826
i’ll see you there tomorrow | tomorrow x together,2,2025-04-23,2025-04-26,4,45,43,78,78,I’ll See You There Tomorrow,TOMORROW X TOGETHER,album,7,False,49,78,True,2025-04-20,42.0,78.0,2.0,-3.0,0.0,2025-04-24,43,1,False,0.45614035087719296,0.3916083916083916,0.01327433628318584,0.990909090909091,46.16145041110109
jealousyvalhalla | yanghongwon,2,2025-05-26,2025-06-01,7,16,14,48,48,Jealousyvalhalla,YANGHONGWON,single,1,False,46,47,True,2025-05-22,44.0,46.0,3.0,28.0,2.0,2025-05-27,14,1,False,1.0,0.40559440559440557,0.02654867256637168,0.990909090909091,68.46104338139737
k-pop | travis scott & bad bunny & the weeknd,2,2024-07-29,2024-07-30,2,46,46,91,92,K-POP,Travis Scott & Bad Bunny & The Weeknd,single,1,True,48,92,True,2024-07-26,47.0,4.0,2.0,1.0,87.0,2024-07-29,46,0,False,0.5263157894736842,1.0,0.004424778761061947,1.0,61.14112715416861
kill bill | sza,2,2024-05-21,2024-06-09,20,46,40,94,94,Kill Bill,SZA,album,23,False,49,94,True,2024-05-19,46.0,94.0,1.0,0.0,0.0,2024-05-29,40,8,False,0.5087719298245614,0.3916083916083916,0.084070796460177,0.9272727272727272,48.40991549980837
kill bill | sza,3,2024-06-11,2024-06-19,9,49,44,94,94,Kill Bill,SZA,album,23,False,47,94,True,2024-06-09,49.0,94.0,1.0,0.0,0.0,2024-06-18,44,7,False,0.5087719298245614,0.3916083916083916,0.035398230088495575,0.9363636363636364,47.61828235419293
kill bill | sza,4,2024-06-23,2024-07-04,12,47,42,94,94,Kill Bill,SZA,album,23,False,44,94,True,2024-06-19,47.0,94.0,3.0,0.0,0.0,2024-07-02,42,9,False,0.5087719298245614,0.3916083916083916,0.048672566371681415,0.9181818181818182,47.52013271622028
kitsch | ive,2,2024-08-17,2024-08-17,1,49,49,77,77,Kitsch,IVE,album,11,False,49,77,True,2024-08-15,50.0,77.0,1.0,1.0,0.0,2024-08-17,49,0,False,0.5263157894736842,0.3916083916083916,0.0,1.0,48.8847994111152
kitsch | ive,3,2024-08-19,2024-08-19,1,50,50,76,76,Kitsch,IVE,album,11,False,50,76,True,2024-08-17,49.0,77.0,1.0,-1.0,-1.0,2024-08-19,50,0,False,0.49122807017543857,0.38461538461538464,0.0,1.0,47.341430499325234
klaxon | (g)i-dle,2,2025-07-27,2025-08-12,17,47,36,74,75,Klaxon,(G)I-DLE,single,4,False,48,75,True,2025-07-24,47.0,72.0,2.0,0.0,2.0,2025-08-04,36,8,False,0.5087719298245614,0.40559440559440557,0.07079646017699115,0.9272727272727272,48.42414905386494
last christmas - single version | wham!,2,2024-12-23,2024-12-27,5,42,13,89,89,Last Christmas - Single Version,Wham!,album,16,False,13,89,True,2024-12-19,47.0,89.0,3.0,5.0,0.0,2024-12-25,13,2,False,0.5964912280701754,0.3916083916083916,0.017699115044247787,0.9818181818181818,51.682162892223445
left and right (feat. jung kook of bts) | charlie puth,2,2024-10-26,2024-10-30,5,30,15,83,83,Left and Right (Feat. Jung Kook of BTS),Charlie Puth,album,12,False,19,83,True,2024-10-23,32.0,84.0,2.0,2.0,-1.0,2024-10-27,15,1,False,0.543859649122807,0.38461538461538464,0.017699115044247787,0.990909090909091,49.61885777628675
left and right (feat. jung kook of bts) | charlie puth,3,2024-11-28,2024-12-01,4,29,19,82,82,Left and Right (Feat. Jung Kook of BTS),Charlie Puth,album,12,False,22,82,True,2024-10-30,19.0,83.0,28.0,-10.0,-1.0,2024-11-29,19,1,False,0.3333333333333333,0.38461538461538464,0.01327433628318584,0.990909090909091,41.10930956948656
left and right (feat. jung kook of bts) | charlie puth,4,2024-12-28,2025-01-19,23,42,39,79,83,Left and Right (Feat. Jung Kook of BTS),Charlie Puth,album,12,False,48,83,True,2024-12-01,22.0,82.0,26.0,-20.0,-3.0,2025-01-09,39,12,False,0.15789473684210525,0.3706293706293706,0.09734513274336283,0.8909090909090909,33.4934613593207
left and right (feat. jung kook of bts) | charlie puth,5,2025-01-21,2025-01-24,4,44,44,83,83,Left and Right (Feat. Jung Kook of BTS),Charlie Puth,album,12,False,50,83,True,2025-01-19,48.0,83.0,1.0,4.0,0.0,2025-01-21,44,0,False,0.5789473684210527,0.3916083916083916,0.01327433628318584,1.0,51.25554929467366
left and right (feat. jung kook of bts) | charlie puth,6,2025-01-28,2025-01-29,2,50,50,83,83,Left and Right (Feat. Jung Kook of BTS),Charlie Puth,album,12,False,50,83,True,2025-01-24,50.0,83.0,3.0,0.0,0.0,2025-01-28,50,0,False,0.5087719298245614,0.3916083916083916,0.004424778761061947,1.0,48.27154060037152
left and right (feat. jung kook of bts) | charlie puth,7,2025-02-10,2025-02-10,1,46,46,83,83,Left and Right (Feat. Jung Kook of BTS),Charlie Puth,album,12,False,46,83,True,2025-01-29,50.0,83.0,11.0,4.0,0.0,2025-02-10,46,0,False,0.5789473684210527,0.3916083916083916,0.0,1.0,50.99006256900994
left and right (feat. jung kook of bts) | charlie puth,9,2025-08-23,2025-09-15,24,43,33,78,80,Left and Right (Feat. Jung Kook of BTS),Charlie Puth,album,12,False,42,80,True,2025-08-21,48.0,78.0,1.0,5.0,0.0,2025-09-02,33,10,False,0.5964912280701754,0.3916083916083916,0.10176991150442478,0.9090909090909091,51.90903336688153
let's say goodbye | parc jae jung,2,2024-07-30,2024-09-12,45,38,30,53,55,Let's Say Goodbye,Parc Jae Jung,album,10,False,48,55,True,2024-07-28,39.0,53.0,1.0,1.0,0.0,2024-08-27,30,28,False,0.5263157894736842,0.3916083916083916,0.19469026548672566,0.7454545454545455,47.68769562994063
let's say goodbye | parc jae jung,3,2024-09-14,2024-10-01,18,46,37,55,55,Let's Say Goodbye,Parc Jae Jung,album,10,False,49,55,True,2024-09-12,48.0,55.0,1.0,2.0,0.0,2024-09-22,37,8,False,0.543859649122807,0.3916083916083916,0.0752212389380531,0.9272727272727272,49.63643312129572
like crazy (deep house remix) | jimin,2,2024-05-28,2024-05-28,1,43,43,73,73,Like Crazy (Deep House Remix),Jimin,single,5,False,43,73,True,2024-05-20,46.0,74.0,7.0,3.0,-1.0,2024-05-28,43,0,False,0.5614035087719298,0.38461538461538464,0.0,1.0,50.14844804318488
like crazy (deep house remix) | jimin,3,2024-05-30,2024-05-30,1,48,48,72,72,Like Crazy (Deep House Remix),Jimin,single,5,False,48,72,True,2024-05-28,43.0,73.0,1.0,-5.0,-1.0,2024-05-30,48,0,False,0.42105263157894735,0.38461538461538464,0.0,1.0,44.534412955465584
like crazy (deep house remix) | jimin,4,2024-06-01,2024-06-03,3,47,46,72,72,Like Crazy (Deep House Remix),Jimin,single,5,False,46,72,True,2024-05-30,48.0,72.0,1.0,1.0,0.0,2024-06-03,46,2,False,0.5263157894736842,0.3916083916083916,0.008849557522123894,0.9818181818181818,48.698154197921326
like crazy (deep house remix) | jimin,5,2024-06-08,2024-06-08,1,45,45,72,72,Like Crazy (Deep House Remix),Jimin,single,5,False,45,72,True,2024-06-03,46.0,72.0,4.0,1.0,0.0,2024-06-08,45,0,False,0.5263157894736842,0.3916083916083916,0.0,1.0,48.8847994111152
like crazy (deep house remix) | jimin,6,2024-06-10,2024-06-17,8,45,36,71,71,Like Crazy (Deep House Remix),Jimin,single,5,False,46,71,True,2024-06-08,45.0,72.0,1.0,0.0,-1.0,2024-06-12,36,2,False,0.5087719298245614,0.38461538461538464,0.030973451327433628,0.9818181818181818,48.299017548202464
like crazy (deep house remix) | jimin,7,2024-06-20,2024-06-24,5,43,33,71,71,Like Crazy (Deep House Remix),Jimin,single,5,False,47,71,True,2024-06-17,46.0,71.0,2.0,3.0,0.0,2024-06-22,33,2,False,0.5614035087719298,0.3916083916083916,0.017699115044247787,0.9818181818181818,50.27865412029362
like crazy (deep house remix) | jimin,8,2024-06-27,2024-07-01,5,45,38,71,71,Like Crazy (Deep House Remix),Jimin,single,5,False,39,71,True,2024-06-24,47.0,71.0,2.0,2.0,0.0,2024-06-28,38,1,False,0.543859649122807,0.3916083916083916,0.017699115044247787,0.990909090909091,49.7587179161469
like crazy (deep house remix) | jimin,9,2024-07-03,2024-07-03,1,49,49,71,71,Like Crazy (Deep House Remix),Jimin,single,5,False,49,71,True,2024-07-01,39.0,71.0,1.0,-10.0,0.0,2024-07-03,49,0,False,0.3333333333333333,0.3916083916083916,0.0,1.0,41.16550116550117
like crazy (deep house remix) | jimin,10,2024-07-09,2024-07-09,1,46,46,71,71,Like Crazy (Deep House Remix),Jimin,single,5,False,46,71,True,2024-07-03,49.0,71.0,5.0,3.0,0.0,2024-07-09,46,0,False,0.5614035087719298,0.3916083916083916,0.0,1.0,50.288308183045025
like crazy (instrumental) | jimin,2,2024-06-14,2024-06-15,2,49,48,68,68,Like Crazy (Instrumental),Jimin,single,5,False,48,68,True,2024-06-12,47.0,68.0,1.0,-2.0,0.0,2024-06-15,48,1,False,0.47368421052631576,0.3916083916083916,0.004424778761061947,0.990909090909091,46.68621364662352
like crazy (instrumental) | jimin,3,2024-06-21,2024-06-22,2,41,41,68,68,Like Crazy (Instrumental),Jimin,single,5,False,43,68,True,2024-06-15,48.0,68.0,5.0,7.0,0.0,2024-06-21,41,0,False,0.631578947368421,0.3916083916083916,0.004424778761061947,1.0,53.183821302125914
like crazy (uk garage remix) | jimin,2,2024-05-28,2024-05-28,1,44,44,72,72,Like Crazy (UK Garage Remix),Jimin,single,5,False,44,72,True,2024-05-20,47.0,73.0,7.0,3.0,-1.0,2024-05-28,44,0,False,0.5614035087719298,0.38461538461538464,0.0,1.0,50.14844804318488
like crazy (uk garage remix) | jimin,3,2024-06-01,2024-06-01,1,50,50,72,72,Like Crazy (UK Garage Remix),Jimin,single,5,False,50,72,True,2024-05-28,44.0,72.0,3.0,-6.0,0.0,2024-06-01,50,0,False,0.40350877192982454,0.3916083916083916,0.0,1.0,43.97251870936082
like crazy (uk garage remix) | jimin,4,2024-06-03,2024-06-03,1,49,49,72,72,Like Crazy (UK Garage Remix),Jimin,single,5,False,49,72,True,2024-06-01,50.0,72.0,1.0,1.0,0.0,2024-06-03,49,0,False,0.5263157894736842,0.3916083916083916,0.0,1.0,48.8847994111152
like crazy (uk garage remix) | jimin,5,2024-06-08,2024-06-08,1,49,49,71,71,Like Crazy (UK Garage Remix),Jimin,single,5,False,49,71,True,2024-06-03,49.0,72.0,4.0,0.0,-1.0,2024-06-08,49,0,False,0.5087719298245614,0.38461538461538464,0.0,1.0,48.04318488529015
like crazy (uk garage remix) | jimin,6,2024-06-10,2024-06-17,8,48,38,71,71,Like Crazy (UK Garage Remix),Jimin,single,5,False,48,71,True,2024-06-08,49.0,71.0,1.0,1.0,0.0,2024-06-11,38,1,False,0.5263157894736842,0.3916083916083916,0.030973451327433628,0.990909090909091,49.3224502558457
like crazy (uk garage remix) | jimin,7,2024-06-20,2024-06-24,5,42,35,71,71,Like Crazy (UK Garage Remix),Jimin,single,5,False,49,71,True,2024-06-17,48.0,71.0,2.0,6.0,0.0,2024-06-22,35,2,False,0.6140350877192983,0.3916083916083916,0.017699115044247787,0.9818181818181818,52.38391727818836
like crazy (uk garage remix) | jimin,8,2024-06-27,2024-07-01,5,46,40,71,71,Like Crazy (UK Garage Remix),Jimin,single,5,False,42,71,True,2024-06-24,49.0,71.0,2.0,3.0,0.0,2024-06-28,40,1,False,0.5614035087719298,0.3916083916083916,0.017699115044247787,0.990909090909091,50.4604723021118
like crazy (uk garage remix) | jimin,9,2024-07-03,2024-07-03,1,50,50,71,71,Like Crazy (UK Garage Remix),Jimin,single,5,False,50,71,True,2024-07-01,42.0,71.0,1.0,-8.0,0.0,2024-07-03,50,0,False,0.3684210526315789,0.3916083916083916,0.0,1.0,42.56900993743099
like crazy | jimin,6,2025-09-05,2025-11-27,84,33,8,80,80,Like Crazy,Jimin,single,6,False,12,75,True,2025-09-03,38.0,81.0,1.0,5.0,-1.0,2025-11-23,8,79,False,0.5964912280701754,0.38461538461538464,0.3672566371681416,0.28181818181818186,44.53345319484118
like that | future & metro boomin,2,2025-03-29,2025-03-31,3,46,45,90,92,Like That,Future & Metro Boomin,album,17,True,45,92,True,2025-03-27,48.0,87.0,1.0,2.0,3.0,2025-03-30,45,1,False,0.543859649122807,0.4125874125874126,0.008849557522123894,0.990909090909091,50.00130718528483
lilith (feat. suga of bts) (diablo iv anthem) | halsey & suga,2,2024-07-22,2024-07-28,7,46,40,85,85,Lilith (feat. SUGA of BTS) (Diablo IV Anthem),Halsey & SUGA,single,1,True,50,84,True,2024-07-19,47.0,86.0,2.0,1.0,-1.0,2024-07-23,40,1,False,0.5263157894736842,0.38461538461538464,0.02654867256637168,0.990909090909091,49.09409454076431
lilith (feat. suga of bts) (diablo iv anthem) | halsey & suga,3,2024-07-31,2024-08-05,6,41,40,84,84,Lilith (feat. SUGA of BTS) (Diablo IV Anthem),Halsey & SUGA,single,1,True,45,83,True,2024-07-28,50.0,84.0,2.0,9.0,0.0,2024-08-03,40,3,False,0.6666666666666666,0.3916083916083916,0.022123893805309734,0.9727272727272728,54.39585782948615
lilith (feat. suga of bts) (diablo iv anthem) | halsey & suga,4,2024-08-07,2024-08-23,17,49,36,82,82,Lilith (feat. SUGA of BTS) (Diablo IV Anthem),Halsey & SUGA,single,1,True,46,80,True,2024-08-05,45.0,83.0,1.0,-4.0,-1.0,2024-08-12,36,5,False,0.43859649122807015,0.38461538461538464,0.07079646017699115,0.9545454545454546,45.74300563587941
lilith (feat. suga of bts) (diablo iv anthem) | halsey & suga,5,2024-08-25,2024-08-26,2,50,48,80,80,Lilith (feat. SUGA of BTS) (Diablo IV Anthem),Halsey & SUGA,single,1,True,48,80,True,2024-08-23,46.0,80.0,1.0,-4.0,0.0,2024-08-26,48,1,False,0.43859649122807015,0.3916083916083916,0.004424778761061947,0.990909090909091,45.2827048746937
lilith (feat. suga of bts) (diablo iv anthem) | halsey & suga,6,2024-08-30,2024-09-02,4,47,47,79,79,Lilith (feat. SUGA of BTS) (Diablo IV Anthem),Halsey & SUGA,single,1,True,48,79,True,2024-08-26,48.0,80.0,3.0,1.0,-1.0,2024-08-30,47,0,False,0.5263157894736842,0.38461538461538464,0.01327433628318584,1.0,49.01042599691878
lilith (feat. suga of bts) (diablo iv anthem) | halsey & suga,7,2024-09-13,2024-09-13,1,49,49,78,78,Lilith (feat. SUGA of BTS) (Diablo IV Anthem),Halsey & SUGA,single,1,True,49,78,True,2024-09-02,48.0,79.0,10.0,-1.0,-1.0,2024-09-13,49,0,False,0.49122807017543857,0.38461538461538464,0.0,1.0,47.341430499325234
little light | doyoung,2,2025-05-01,2025-05-04,4,43,43,69,71,Little Light,DOYOUNG,album,10,False,50,71,True,2025-04-28,40.0,67.0,2.0,-3.0,2.0,2025-05-01,43,0,False,0.45614035087719296,0.40559440559440557,0.01327433628318584,1.0,46.622988872639546
london boy | lim young woong,6,2025-10-15,2025-10-18,4,45,45,58,58,London Boy,Lim Young Woong,single,2,False,45,58,True,2025-10-13,45.0,58.0,1.0,0.0,0.0,2025-10-15,45,0,False,0.5087719298245614,0.3916083916083916,0.01327433628318584,1.0,48.448531750814006
london boy | lim young woong,7,2025-11-05,2025-11-05,1,49,49,57,57,London Boy,Lim Young Woong,single,2,False,49,57,True,2025-10-18,45.0,58.0,17.0,-4.0,-1.0,2025-11-05,49,0,False,0.43859649122807015,0.38461538461538464,0.0,1.0,45.2361673414305
london boy | lim young woong,8,2025-11-08,2025-11-09,2,50,50,57,57,London Boy,Lim Young Woong,single,2,False,50,57,True,2025-11-05,49.0,57.0,2.0,-1.0,0.0,2025-11-08,50,0,False,0.49122807017543857,0.3916083916083916,0.004424778761061947,1.0,47.56978621440661
london boy | lim young woong,9,2025-11-13,2025-11-14,2,49,49,57,57,London Boy,Lim Young Woong,single,2,False,49,57,True,2025-11-09,50.0,57.0,3.0,1.0,0.0,2025-11-13,49,0,False,0.5263157894736842,0.3916083916083916,0.004424778761061947,1.0,48.97329498633644
london boy | lim young woong,10,2025-11-16,2025-11-16,1,50,50,57,57,London Boy,Lim Young Woong,single,2,False,50,57,True,2025-11-14,49.0,57.0,1.0,-1.0,0.0,2025-11-16,50,0,False,0.49122807017543857,0.3916083916083916,0.0,1.0,47.481290639185374
london boy | lim young woong,11,2025-11-19,2025-11-19,1,50,50,57,57,London Boy,Lim Young Woong,single,2,False,50,57,True,2025-11-16,50.0,57.0,2.0,0.0,0.0,2025-11-19,50,0,False,0.5087719298245614,0.3916083916083916,0.0,1.0,48.18304502515029
lost and found | kinglee & lil' flip,2,2025-01-16,2025-01-17,2,8,8,64,66,Lost and Found,KingLee & Lil' Flip,single,1,True,8,66,True,2024-12-28,27.0,48.0,18.0,19.0,16.0,2025-01-16,8,0,False,0.8421052631578947,0.5034965034965035,0.004424778761061947,1.0,63.842636171467106
love 119 | riize,4,2025-04-23,2025-04-27,5,50,40,69,69,Love 119,RIIZE,single,1,False,50,68,True,2025-04-20,44.0,69.0,2.0,-6.0,0.0,2025-04-24,40,1,False,0.40350877192982454,0.3916083916083916,0.017699115044247787,0.990909090909091,44.1446828284276
love always run away | lim young woong,2,2024-05-23,2024-05-23,1,47,47,58,58,Love Always Run Away,Lim Young Woong,single,2,False,47,58,True,2024-05-18,50.0,58.0,4.0,3.0,0.0,2024-05-23,47,0,False,0.5614035087719298,0.3916083916083916,0.0,1.0,50.288308183045025
love always run away | lim young woong,3,2024-05-25,2024-05-25,1,50,50,58,58,Love Always Run Away,Lim Young Woong,single,2,False,50,58,True,2024-05-23,47.0,58.0,1.0,-3.0,0.0,2024-05-25,50,0,False,0.45614035087719296,0.3916083916083916,0.0,1.0,46.07778186725556
love always run away | lim young woong,4,2024-05-30,2024-05-31,2,49,49,58,58,Love Always Run Away,Lim Young Woong,single,2,False,49,58,True,2024-05-25,50.0,58.0,4.0,1.0,0.0,2024-05-30,49,0,False,0.5263157894736842,0.3916083916083916,0.004424778761061947,1.0,48.97329498633644
love always run away | lim young woong,5,2024-06-02,2024-06-03,2,50,47,58,58,Love Always Run Away,Lim Young Woong,single,2,False,47,58,True,2024-05-31,49.0,58.0,1.0,-1.0,0.0,2024-06-03,47,1,False,0.49122807017543857,0.3916083916083916,0.004424778761061947,0.990909090909091,47.38796803258843
love always run away | lim young woong,6,2024-06-05,2024-06-07,3,48,46,58,58,Love Always Run Away,Lim Young Woong,single,2,False,48,58,True,2024-06-03,47.0,58.0,1.0,-1.0,0.0,2024-06-06,46,1,False,0.49122807017543857,0.3916083916083916,0.008849557522123894,0.990909090909091,47.47646360780968
love always run away | lim young woong,7,2024-06-09,2024-06-10,2,48,47,58,58,Love Always Run Away,Lim Young Woong,single,2,False,47,58,True,2024-06-07,48.0,58.0,1.0,0.0,0.0,2024-06-10,47,1,False,0.5087719298245614,0.3916083916083916,0.004424778761061947,0.990909090909091,48.08972241855335
love always run away | lim young woong,8,2024-06-13,2024-06-13,1,47,47,58,58,Love Always Run Away,Lim Young Woong,single,2,False,47,58,True,2024-06-10,47.0,58.0,2.0,0.0,0.0,2024-06-13,47,0,False,0.5087719298245614,0.3916083916083916,0.0,1.0,48.18304502515029
love always run away | lim young woong,9,2024-08-09,2024-08-09,1,50,50,57,57,Love Always Run Away,Lim Young Woong,single,2,False,50,57,True,2024-06-13,47.0,58.0,56.0,-3.0,-1.0,2024-08-09,50,0,False,0.45614035087719296,0.38461538461538464,0.0,1.0,45.93792172739541
love always run away | lim young woong,10,2024-08-11,2024-08-11,1,50,50,57,57,Love Always Run Away,Lim Young Woong,single,2,False,50,57,True,2024-08-09,50.0,57.0,1.0,0.0,0.0,2024-08-11,50,0,False,0.5087719298245614,0.3916083916083916,0.0,1.0,48.18304502515029
love always run away | lim young woong,11,2024-10-02,2024-10-03,2,48,48,57,57,Love Always Run Away,Lim Young Woong,single,2,False,48,57,True,2024-08-11,50.0,57.0,51.0,2.0,0.0,2024-10-02,48,0,False,0.543859649122807,0.3916083916083916,0.004424778761061947,1.0,49.67504937230135
love always run away | lim young woong,12,2024-10-14,2024-10-15,2,49,49,57,58,Love Always Run Away,Lim Young Woong,single,2,False,49,58,True,2024-10-03,48.0,57.0,10.0,-1.0,0.0,2024-10-14,49,0,False,0.49122807017543857,0.3916083916083916,0.004424778761061947,1.0,47.56978621440661
love always run away | lim young woong,13,2024-10-21,2025-02-09,112,47,28,58,61,Love Always Run Away,Lim Young Woong,single,2,False,50,59,True,2024-10-15,49.0,58.0,5.0,2.0,0.0,2024-12-08,28,48,False,0.543859649122807,0.3916083916083916,0.4911504424778761,0.5636363636363637,50.68228991936491
love always run away | lim young woong,14,2025-02-12,2025-02-12,1,46,46,59,59,Love Always Run Away,Lim Young Woong,single,2,False,46,59,True,2025-02-09,50.0,59.0,2.0,4.0,0.0,2025-02-12,46,0,False,0.5789473684210527,0.3916083916083916,0.0,1.0,50.99006256900994
love always run away | lim young woong,15,2025-02-19,2025-02-20,2,43,43,59,59,Love Always Run Away,Lim Young Woong,single,2,False,43,59,True,2025-02-12,46.0,59.0,6.0,3.0,0.0,2025-02-19,43,0,False,0.5614035087719298,0.3916083916083916,0.004424778761061947,1.0,50.37680375826626
love dive | ive,2,2024-05-21,2024-05-22,2,49,49,83,83,LOVE DIVE,IVE,single,2,False,50,83,True,2024-05-19,48.0,83.0,1.0,-1.0,0.0,2024-05-21,49,0,False,0.49122807017543857,0.3916083916083916,0.004424778761061947,1.0,47.56978621440661
love dive | ive,3,2024-05-29,2024-05-29,1,49,49,83,83,LOVE DIVE,IVE,single,2,False,49,83,True,2024-05-22,50.0,83.0,6.0,1.0,0.0,2024-05-29,49,0,False,0.5263157894736842,0.3916083916083916,0.0,1.0,48.8847994111152
love dive | ive,4,2024-06-19,2024-06-19,1,48,48,83,83,LOVE DIVE,IVE,single,2,False,48,83,True,2024-05-29,49.0,83.0,20.0,1.0,0.0,2024-06-19,48,0,False,0.5263157894736842,0.3916083916083916,0.0,1.0,48.8847994111152
love lee | akmu,2,2024-11-12,2024-11-12,1,50,50,81,81,Love Lee,AKMU,single,2,False,50,81,True,2024-11-10,48.0,81.0,1.0,-2.0,0.0,2024-11-12,50,0,False,0.47368421052631576,0.3916083916083916,0.0,1.0,46.77953625322046
love letter | lim young woong,2,2024-11-09,2024-12-20,42,49,32,57,60,Love Letter,Lim Young Woong,album,12,False,43,59,True,2024-11-02,50.0,57.0,6.0,1.0,0.0,2024-12-05,32,26,False,0.5263157894736842,0.3916083916083916,0.18141592920353983,0.7636363636363637,47.78584526791327
love letter | lim young woong,3,2024-12-23,2024-12-24,2,49,47,58,58,Love Letter,Lim Young Woong,album,12,False,47,58,True,2024-12-20,43.0,59.0,2.0,-6.0,-1.0,2024-12-24,47,1,False,0.40350877192982454,0.38461538461538464,0.004424778761061947,0.990909090909091,43.73933596290374
love letter | lim young woong,4,2024-12-28,2025-01-05,9,43,41,56,58,Love Letter,Lim Young Woong,album,12,False,44,58,True,2024-12-24,47.0,58.0,3.0,4.0,-2.0,2024-12-29,41,1,False,0.5789473684210527,0.3776223776223776,0.035398230088495575,0.990909090909091,51.2364887092414
love letter | lim young woong,5,2025-01-07,2025-01-16,10,46,41,58,59,Love Letter,Lim Young Woong,album,12,False,44,58,True,2025-01-05,44.0,58.0,1.0,-2.0,0.0,2025-01-11,41,4,False,0.47368421052631576,0.3916083916083916,0.03982300884955752,0.9636363636363636,46.84872370293889
love letter | lim young woong,6,2025-01-18,2025-01-20,3,48,46,58,58,Love Letter,Lim Young Woong,album,12,False,50,58,True,2025-01-16,44.0,58.0,1.0,-4.0,0.0,2025-01-19,46,1,False,0.43859649122807015,0.3916083916083916,0.008849557522123894,0.990909090909091,45.371200449914944
love letter | lim young woong,7,2025-01-22,2025-01-22,1,50,50,58,58,Love Letter,Lim Young Woong,album,12,False,50,58,True,2025-01-20,50.0,58.0,1.0,0.0,0.0,2025-01-22,50,0,False,0.5087719298245614,0.3916083916083916,0.0,1.0,48.18304502515029
love letter | lim young woong,8,2025-01-27,2025-01-30,4,48,48,58,58,Love Letter,Lim Young Woong,album,12,False,49,58,True,2025-01-22,50.0,58.0,4.0,2.0,0.0,2025-01-27,48,0,False,0.543859649122807,0.3916083916083916,0.01327433628318584,1.0,49.852040522743835
love letter | lim young woong,9,2025-02-01,2025-02-01,1,49,49,57,57,Love Letter,Lim Young Woong,album,12,False,49,57,True,2025-01-30,49.0,58.0,1.0,0.0,-1.0,2025-02-01,49,0,False,0.5087719298245614,0.38461538461538464,0.0,1.0,48.04318488529015
love letter | lim young woong,10,2025-02-07,2025-02-07,1,50,50,57,57,Love Letter,Lim Young Woong,album,12,False,50,57,True,2025-02-01,49.0,57.0,5.0,-1.0,0.0,2025-02-07,50,0,False,0.49122807017543857,0.3916083916083916,0.0,1.0,47.481290639185374
love me like this | nmixx,2,2024-06-05,2024-06-05,1,50,50,79,79,Love Me Like This,NMIXX,single,6,False,50,79,True,2024-06-02,46.0,80.0,2.0,-4.0,-1.0,2024-06-05,50,0,False,0.43859649122807015,0.38461538461538464,0.0,1.0,45.2361673414305
love me like this | nmixx,3,2024-06-07,2024-06-07,1,50,50,30,30,Love Me Like This,NMIXX,single,6,False,50,30,True,2024-06-05,50.0,79.0,1.0,0.0,-49.0,2024-06-07,50,0,False,0.5087719298245614,0.04895104895104895,0.0,1.0,41.32989817200344
love station | lim young woong,2,2024-11-20,2024-11-21,2,50,50,56,56,Love Station,Lim Young Woong,album,12,False,50,56,True,2024-11-17,50.0,55.0,2.0,0.0,1.0,2024-11-20,50,0,False,0.5087719298245614,0.3986013986013986,0.004424778761061947,1.0,48.41140074023167
love station | lim young woong,3,2024-11-23,2024-11-23,1,49,49,56,56,Love Station,Lim Young Woong,album,12,False,49,56,True,2024-11-21,50.0,56.0,1.0,1.0,0.0,2024-11-23,49,0,False,0.5263157894736842,0.3916083916083916,0.0,1.0,48.8847994111152
love station | lim young woong,4,2024-12-05,2024-12-05,1,50,50,57,57,Love Station,Lim Young Woong,album,12,False,50,57,True,2024-11-23,49.0,56.0,11.0,-1.0,1.0,2024-12-05,50,0,False,0.49122807017543857,0.3986013986013986,0.0,1.0,47.62115077904552
love wins all | iu,4,2025-04-21,2025-04-22,2,48,48,78,78,Love wins all,IU,single,1,False,48,78,True,2025-04-19,47.0,78.0,1.0,-1.0,0.0,2025-04-21,48,0,False,0.49122807017543857,0.3916083916083916,0.004424778761061947,1.0,47.56978621440661
love you with all my heart | crush,2,2025-04-23,2025-05-25,33,48,19,73,80,Love You With All My Heart,Crush,single,2,False,45,80,True,2025-04-17,48.0,70.0,5.0,0.0,3.0,2025-05-08,19,15,False,0.5087719298245614,0.4125874125874126,0.1415929203539823,0.8636363636363636,48.70721112453763
lovely touch | lim young woong,2,2024-06-03,2024-06-03,1,48,48,56,56,Lovely Touch,Lim Young Woong,album,12,False,48,56,True,2024-05-24,45.0,56.0,9.0,-3.0,0.0,2024-06-03,48,0,False,0.45614035087719296,0.3916083916083916,0.0,1.0,46.07778186725556
lovely touch | lim young woong,3,2024-06-05,2024-06-06,2,49,48,56,56,Lovely Touch,Lim Young Woong,album,12,False,48,56,True,2024-06-03,48.0,56.0,1.0,-1.0,0.0,2024-06-06,48,1,False,0.49122807017543857,0.3916083916083916,0.004424778761061947,0.990909090909091,47.38796803258843
lovely touch | lim young woong,4,2024-10-22,2025-02-09,111,49,25,56,61,Lovely Touch,Lim Young Woong,album,12,False,44,58,True,2024-06-06,48.0,56.0,137.0,-1.0,0.0,2024-12-08,25,47,False,0.49122807017543857,0.3916083916083916,0.48672566371681414,0.5727272727272728,48.670349368067114
lovely touch | lim young woong,5,2025-02-11,2025-02-11,1,50,50,58,58,Lovely Touch,Lim Young Woong,album,12,False,50,58,True,2025-02-09,44.0,58.0,1.0,-6.0,0.0,2025-02-11,50,0,False,0.40350877192982454,0.3916083916083916,0.0,1.0,43.97251870936082
lovely touch | lim young woong,6,2025-02-19,2025-02-20,2,44,44,58,58,Lovely Touch,Lim Young Woong,album,12,False,44,58,True,2025-02-11,50.0,58.0,7.0,6.0,0.0,2025-02-19,44,0,False,0.6140350877192983,0.3916083916083916,0.004424778761061947,1.0,52.482066916160996
lovin on me | jack harlow,2,2025-01-18,2025-01-22,5,49,39,99,99,Lovin On Me,Jack Harlow,single,1,True,46,99,True,2025-01-15,50.0,99.0,2.0,1.0,0.0,2025-01-21,39,3,False,0.5263157894736842,0.3916083916083916,0.017699115044247787,0.9727272727272728,48.69332716654562
lovin on me | jack harlow,3,2025-01-24,2025-01-31,8,47,45,99,99,Lovin On Me,Jack Harlow,single,1,True,47,99,True,2025-01-22,46.0,99.0,1.0,-1.0,0.0,2025-01-25,45,1,False,0.49122807017543857,0.3916083916083916,0.030973451327433628,0.990909090909091,47.91894148391587
loving you | lim young woong,2,2024-11-19,2024-11-22,4,47,47,56,56,Loving You,Lim Young Woong,album,12,False,48,56,True,2024-11-17,47.0,56.0,1.0,0.0,0.0,2024-11-19,47,0,False,0.5087719298245614,0.3916083916083916,0.01327433628318584,1.0,48.448531750814006
loving you | lim young woong,3,2024-12-04,2024-12-04,1,46,46,57,57,Loving You,Lim Young Woong,album,12,False,46,57,True,2024-11-22,48.0,56.0,11.0,2.0,1.0,2024-12-04,46,0,False,0.543859649122807,0.3986013986013986,0.0,1.0,49.726413936940254
loving you | lim young woong,4,2024-12-06,2024-12-07,2,50,50,57,57,Loving You,Lim Young Woong,album,12,False,50,57,True,2024-12-04,46.0,57.0,1.0,-4.0,0.0,2024-12-06,50,0,False,0.43859649122807015,0.3916083916083916,0.004424778761061947,1.0,45.46452305651188
lucky girl syndrome | illit,2,2025-04-23,2025-05-25,33,44,21,76,78,Lucky Girl Syndrome,ILLIT,single,4,False,37,78,True,2025-04-06,45.0,73.0,16.0,1.0,3.0,2025-04-27,21,4,False,0.5263157894736842,0.4125874125874126,0.1415929203539823,0.9636363636363636,51.40896551050253
lucky girl syndrome | illit,3,2025-05-27,2025-05-30,4,45,44,78,78,Lucky Girl Syndrome,ILLIT,single,4,False,45,78,True,2025-05-25,37.0,78.0,1.0,-8.0,0.0,2025-05-28,44,1,False,0.3684210526315789,0.3916083916083916,0.01327433628318584,0.990909090909091,42.652678481276524
lucky girl syndrome | illit,4,2025-06-02,2025-06-09,8,43,39,77,77,Lucky Girl Syndrome,ILLIT,single,4,False,49,73,True,2025-05-30,45.0,78.0,2.0,2.0,-1.0,2025-06-03,39,1,False,0.543859649122807,0.38461538461538464,0.030973451327433628,0.990909090909091,49.884344501950466
lucky girl syndrome | illit,5,2025-06-12,2025-06-13,2,48,48,72,72,Lucky Girl Syndrome,ILLIT,single,4,False,48,72,True,2025-06-09,49.0,73.0,2.0,1.0,-1.0,2025-06-12,48,0,False,0.5263157894736842,0.38461538461538464,0.004424778761061947,1.0,48.8334348464763
maestro | seventeen,2,2025-05-15,2025-05-16,2,49,48,81,82,MAESTRO,SEVENTEEN,album,33,False,48,82,True,2025-05-11,41.0,81.0,3.0,-8.0,0.0,2025-05-16,48,1,False,0.3684210526315789,0.3916083916083916,0.004424778761061947,0.990909090909091,42.47568733083404
maniac | viviz,2,2025-02-03,2025-02-04,2,48,48,81,81,MANIAC,VIVIZ,single,5,False,49,81,True,2025-02-01,46.0,81.0,1.0,-2.0,0.0,2025-02-03,48,0,False,0.47368421052631576,0.3916083916083916,0.004424778761061947,1.0,46.8680318284417
maniac | viviz,3,2025-02-09,2025-02-12,4,48,40,81,82,MANIAC,VIVIZ,single,5,False,47,82,True,2025-02-04,49.0,81.0,4.0,1.0,0.0,2025-02-11,40,2,False,0.5263157894736842,0.3916083916083916,0.01327433628318584,0.9818181818181818,48.78664977314256
maniac | viviz,4,2025-02-14,2025-02-17,4,49,47,82,82,MANIAC,VIVIZ,single,5,False,49,82,True,2025-02-12,47.0,82.0,1.0,-2.0,0.0,2025-02-15,47,1,False,0.47368421052631576,0.3916083916083916,0.01327433628318584,0.990909090909091,46.863204797066
maniac | viviz,5,2025-02-28,2025-02-28,1,50,50,83,83,MANIAC,VIVIZ,single,5,False,50,83,True,2025-02-17,49.0,82.0,10.0,-1.0,1.0,2025-02-28,50,0,False,0.49122807017543857,0.3986013986013986,0.0,1.0,47.62115077904552
mars | d.o.,2,2025-05-18,2025-05-18,1,47,47,70,70,Mars,D.O.,single,6,False,47,70,True,2025-05-12,48.0,65.0,5.0,1.0,5.0,2025-05-18,47,0,False,0.5263157894736842,0.42657342657342656,0.0,1.0,49.5841001104159
melt down | day6,2,2025-10-06,2025-10-06,1,40,40,65,65,Melt Down,DAY6,album,8,False,40,65,True,2025-10-04,37.0,65.0,1.0,-3.0,0.0,2025-10-06,40,0,False,0.45614035087719296,0.3916083916083916,0.0,1.0,46.07778186725556
melt down | day6,3,2025-10-08,2025-10-30,23,41,28,65,65,Melt Down,DAY6,album,8,False,48,62,True,2025-10-06,40.0,65.0,1.0,-1.0,0.0,2025-10-15,28,7,False,0.49122807017543857,0.3916083916083916,0.09734513274336283,0.9363636363636364,48.15546602132535
melt down | day6,4,2025-11-01,2025-11-07,7,46,38,62,62,Melt Down,DAY6,album,8,False,50,62,True,2025-10-30,48.0,62.0,1.0,2.0,0.0,2025-11-04,38,3,False,0.543859649122807,0.3916083916083916,0.02654867256637168,0.9727272727272728,49.57207270295301
melt down | day6,5,2025-11-10,2025-11-13,4,42,42,61,61,Melt Down,DAY6,album,8,False,47,61,True,2025-11-07,50.0,62.0,2.0,8.0,-1.0,2025-11-10,42,0,False,0.6491228070175439,0.38461538461538464,0.01327433628318584,1.0,53.922706698673174
memories | riize,2,2024-09-05,2024-09-16,12,24,24,71,73,Memories,RIIZE,single,1,False,41,73,True,2024-09-02,47.0,70.0,2.0,23.0,1.0,2024-09-05,24,0,False,0.9122807017543859,0.3986013986013986,0.048672566371681415,1.0,65.43670736963705
memories | riize,3,2024-09-18,2024-09-23,6,47,37,73,73,Memories,RIIZE,single,1,False,47,73,True,2024-09-16,41.0,73.0,1.0,-6.0,0.0,2024-09-19,37,1,False,0.40350877192982454,0.3916083916083916,0.022123893805309734,0.990909090909091,44.23317840364883
memories | riize,4,2024-09-25,2024-09-28,4,50,44,73,73,Memories,RIIZE,single,1,False,44,73,True,2024-09-23,47.0,73.0,1.0,-3.0,0.0,2024-09-28,44,3,False,0.45614035087719296,0.3916083916083916,0.01327433628318584,0.9727272727272728,45.79781404746473
memories | riize,5,2024-10-02,2024-10-19,18,47,39,74,76,Memories,RIIZE,single,1,False,46,76,True,2024-09-28,44.0,73.0,3.0,-3.0,1.0,2024-10-06,39,4,False,0.45614035087719296,0.3986013986013986,0.0752212389380531,0.9636363636363636,46.99479405860403
meow | meovv,2,2025-10-25,2025-10-26,2,45,45,58,76,MEOW,MEOVV,single,1,False,45,76,True,2025-10-23,47.0,76.0,1.0,2.0,-18.0,2025-10-25,45,0,False,0.543859649122807,0.26573426573426573,0.004424778761061947,1.0,47.15756685481883
midas touch | kiss of life,2,2025-06-19,2025-06-21,3,49,49,75,75,Midas Touch,KISS OF LIFE,single,2,False,49,75,True,2025-06-17,45.0,75.0,1.0,-4.0,0.0,2025-06-19,49,0,False,0.43859649122807015,0.3916083916083916,0.008849557522123894,1.0,45.553018631733124
midas touch | kiss of life,3,2025-06-29,2025-06-29,1,50,50,77,77,Midas Touch,KISS OF LIFE,single,2,False,50,77,True,2025-06-21,49.0,75.0,7.0,-1.0,2.0,2025-06-29,50,0,False,0.49122807017543857,0.40559440559440557,0.0,1.0,47.761010918905654
million dollar baby | tommy richman,4,2025-09-07,2025-09-07,1,50,50,93,93,MILLION DOLLAR BABY,Tommy Richman,single,2,False,50,93,True,2025-09-04,49.0,93.0,2.0,-1.0,0.0,2025-09-07,50,0,False,0.49122807017543857,0.3916083916083916,0.0,1.0,47.481290639185374
my love mine all mine | mitski,2,2024-12-23,2024-12-23,1,48,48,97,97,My Love Mine All Mine,Mitski,album,11,False,48,97,True,2024-12-20,48.0,98.0,2.0,0.0,-1.0,2024-12-23,48,0,False,0.5087719298245614,0.38461538461538464,0.0,1.0,48.04318488529015
my love mine all mine | mitski,3,2024-12-28,2025-01-06,10,44,44,95,98,My Love Mine All Mine,Mitski,album,11,False,49,98,True,2024-12-23,48.0,97.0,4.0,4.0,-2.0,2024-12-28,44,0,False,0.5789473684210527,0.3776223776223776,0.03982300884955752,1.0,51.50680246628081
my love mine all mine | mitski,4,2025-01-09,2025-02-12,35,47,31,98,99,My Love Mine All Mine,Mitski,album,11,False,39,99,True,2025-01-06,49.0,98.0,2.0,2.0,0.0,2025-02-10,31,32,False,0.543859649122807,0.3916083916083916,0.1504424778761062,0.7090909090909091,46.77722153642043
my love mine all mine | mitski,5,2025-02-14,2025-02-25,12,42,41,99,99,My Love Mine All Mine,Mitski,album,11,False,50,99,True,2025-02-12,39.0,99.0,1.0,-3.0,0.0,2025-02-19,41,5,False,0.45614035087719296,0.3916083916083916,0.048672566371681415,0.9545454545454546,46.142142285598275
my love mine all mine | mitski,6,2025-03-02,2025-03-13,12,46,42,98,98,My Love Mine All Mine,Mitski,album,11,False,47,97,True,2025-02-25,50.0,99.0,4.0,4.0,-1.0,2025-03-06,42,4,False,0.5789473684210527,0.38461538461538464,0.048672566371681415,0.9636363636363636,51.0963810293107
my love mine all mine | mitski,8,2025-03-19,2025-03-20,2,47,47,96,96,My Love Mine All Mine,Mitski,album,11,False,48,96,True,2025-03-15,50.0,96.0,3.0,3.0,0.0,2025-03-19,47,0,False,0.5614035087719298,0.3916083916083916,0.004424778761061947,1.0,50.37680375826626
my love mine all mine | mitski,9,2025-03-22,2025-03-22,1,50,50,96,96,My Love Mine All Mine,Mitski,album,11,False,50,96,True,2025-03-20,48.0,96.0,1.0,-2.0,0.0,2025-03-22,50,0,False,0.47368421052631576,0.3916083916083916,0.0,1.0,46.77953625322046
my love mine all mine | mitski,11,2025-03-30,2025-03-30,1,49,49,95,95,My Love Mine All Mine,Mitski,album,11,False,49,95,True,2025-03-28,46.0,95.0,1.0,-3.0,0.0,2025-03-30,49,0,False,0.45614035087719296,0.3916083916083916,0.0,1.0,46.07778186725556
my starry love | lim young woong,2,2024-12-13,2024-12-13,1,48,48,58,58,My Starry Love,Lim Young Woong,single,2,False,48,58,True,2024-12-08,42.0,58.0,4.0,-6.0,0.0,2024-12-13,48,0,False,0.40350877192982454,0.3916083916083916,0.0,1.0,43.97251870936082
my starry love | lim young woong,3,2025-01-03,2025-01-03,1,50,50,55,55,My Starry Love,Lim Young Woong,single,2,False,50,55,True,2024-12-13,48.0,58.0,20.0,-2.0,-3.0,2025-01-03,50,0,False,0.47368421052631576,0.3706293706293706,0.0,1.0,46.35995583364005
my starry love | lim young woong,4,2025-01-11,2025-01-11,1,49,49,57,57,My Starry Love,Lim Young Woong,single,2,False,49,57,True,2025-01-03,50.0,55.0,7.0,1.0,2.0,2025-01-11,49,0,False,0.5263157894736842,0.40559440559440557,0.0,1.0,49.164519690835476
my you | jung kook,2,2024-07-27,2024-07-28,2,49,49,87,87,My You,Jung Kook,single,1,False,49,87,True,2024-07-22,35.0,88.0,4.0,-14.0,-1.0,2024-07-27,49,0,False,0.2631578947368421,0.38461538461538464,0.004424778761061947,1.0,38.307119057002616
my you | jung kook,3,2024-07-31,2024-08-01,2,50,50,86,86,My You,Jung Kook,single,1,False,50,86,True,2024-07-28,49.0,87.0,2.0,-1.0,-1.0,2024-07-31,50,0,False,0.49122807017543857,0.38461538461538464,0.004424778761061947,1.0,47.42992607454647
my you | jung kook,4,2024-08-03,2024-08-04,2,47,47,85,85,My You,Jung Kook,single,1,False,48,85,True,2024-08-01,50.0,86.0,1.0,3.0,-1.0,2024-08-03,47,0,False,0.5614035087719298,0.38461538461538464,0.004424778761061947,1.0,50.236943618406116
my you | jung kook,5,2024-08-07,2024-08-08,2,50,50,85,85,My You,Jung Kook,single,1,False,50,85,True,2024-08-04,48.0,85.0,2.0,-2.0,0.0,2024-08-07,50,0,False,0.47368421052631576,0.3916083916083916,0.004424778761061947,1.0,46.8680318284417
my you | jung kook,6,2024-08-10,2024-08-11,2,50,47,84,84,My You,Jung Kook,single,1,False,47,84,True,2024-08-08,50.0,85.0,1.0,0.0,-1.0,2024-08-11,47,1,False,0.5087719298245614,0.38461538461538464,0.004424778761061947,0.990909090909091,47.94986227869321
my you | jung kook,7,2024-09-30,2024-10-01,2,47,47,79,79,My You,Jung Kook,single,1,False,47,79,True,2024-08-11,47.0,84.0,49.0,0.0,-5.0,2024-09-30,47,0,False,0.5087719298245614,0.35664335664335667,0.004424778761061947,1.0,47.57223990107083
nemonemo | yena,2,2025-10-22,2025-10-23,2,48,44,68,68,NEMONEMO,YENA,single,3,False,44,68,True,2025-10-20,50.0,67.0,1.0,2.0,1.0,2025-10-23,44,1,False,0.543859649122807,0.3986013986013986,0.004424778761061947,0.990909090909091,49.63309133034331
nemonemo | yena,3,2025-10-25,2025-10-28,4,50,36,68,69,NEMONEMO,YENA,single,3,False,50,69,True,2025-10-23,44.0,68.0,1.0,-6.0,0.0,2025-10-26,36,1,False,0.40350877192982454,0.3916083916083916,0.01327433628318584,0.990909090909091,44.05618725320635
nemonemo | yena,4,2025-11-01,2025-11-03,3,48,45,69,69,NEMONEMO,YENA,single,3,False,48,69,True,2025-10-28,50.0,69.0,3.0,2.0,0.0,2025-11-02,45,1,False,0.543859649122807,0.3916083916083916,0.008849557522123894,0.990909090909091,49.58172676570442
nemonemo | yena,5,2025-11-05,2025-11-06,2,44,44,69,69,NEMONEMO,YENA,single,3,False,47,69,True,2025-11-03,48.0,69.0,1.0,4.0,0.0,2025-11-05,44,0,False,0.5789473684210527,0.3916083916083916,0.004424778761061947,1.0,51.07855814423118
nemonemo | yena,6,2025-11-12,2025-11-12,1,49,49,69,69,NEMONEMO,YENA,single,3,False,49,69,True,2025-11-06,47.0,69.0,5.0,-2.0,0.0,2025-11-12,49,0,False,0.47368421052631576,0.3916083916083916,0.0,1.0,46.77953625322046
nest | lim young woong,2,2024-12-11,2024-12-11,1,46,46,59,59,Nest,Lim Young Woong,album,12,False,46,59,True,2024-12-09,50.0,59.0,1.0,4.0,0.0,2024-12-11,46,0,False,0.5789473684210527,0.3916083916083916,0.0,1.0,50.99006256900994
nest | lim young woong,3,2024-12-13,2024-12-15,3,50,48,59,59,Nest,Lim Young Woong,album,12,False,49,59,True,2024-12-11,46.0,59.0,1.0,-4.0,0.0,2024-12-14,48,1,False,0.43859649122807015,0.3916083916083916,0.008849557522123894,0.990909090909091,45.371200449914944
nest | lim young woong,4,2024-12-19,2024-12-19,1,49,49,58,58,Nest,Lim Young Woong,album,12,False,49,58,True,2024-12-15,49.0,59.0,3.0,0.0,-1.0,2024-12-19,49,0,False,0.5087719298245614,0.38461538461538464,0.0,1.0,48.04318488529015
nest | lim young woong,5,2024-12-30,2024-12-30,1,50,50,55,55,Nest,Lim Young Woong,album,12,False,50,55,True,2024-12-19,49.0,58.0,10.0,-1.0,-3.0,2024-12-30,50,0,False,0.49122807017543857,0.3706293706293706,0.0,1.0,47.061710219604954
nest | lim young woong,6,2025-01-03,2025-01-03,1,49,49,56,56,Nest,Lim Young Woong,album,12,False,49,56,True,2024-12-30,50.0,55.0,3.0,1.0,1.0,2025-01-03,49,0,False,0.5263157894736842,0.3986013986013986,0.0,1.0,49.02465955097534
nest | lim young woong,7,2025-01-11,2025-01-11,1,50,50,57,57,Nest,Lim Young Woong,album,12,False,50,57,True,2025-01-03,49.0,56.0,7.0,-1.0,1.0,2025-01-11,50,0,False,0.49122807017543857,0.3986013986013986,0.0,1.0,47.62115077904552
new jeans | newjeans,2,2024-11-03,2024-11-03,1,48,48,84,84,New Jeans,NewJeans,single,2,False,48,84,True,2024-10-29,49.0,85.0,4.0,1.0,-1.0,2024-11-03,48,0,False,0.5263157894736842,0.38461538461538464,0.0,1.0,48.74493927125506
new jeans | newjeans,3,2024-12-28,2024-12-30,3,47,46,79,80,New Jeans,NewJeans,single,2,False,48,80,True,2024-11-03,48.0,84.0,54.0,1.0,-5.0,2024-12-29,46,1,False,0.5263157894736842,0.35664335664335667,0.008849557522123894,0.990909090909091,48.1806716804388
new jeans | newjeans,4,2025-01-01,2025-01-02,2,50,50,80,81,New Jeans,NewJeans,single,2,False,50,81,True,2024-12-30,48.0,80.0,1.0,-2.0,0.0,2025-01-01,50,0,False,0.47368421052631576,0.3916083916083916,0.004424778761061947,1.0,46.8680318284417
new jeans | newjeans,5,2025-01-04,2025-01-04,1,50,50,81,81,New Jeans,NewJeans,single,2,False,50,81,True,2025-01-02,50.0,81.0,1.0,0.0,0.0,2025-01-04,50,0,False,0.5087719298245614,0.3916083916083916,0.0,1.0,48.18304502515029
new jeans | newjeans,6,2025-01-06,2025-01-06,1,41,41,82,82,New Jeans,NewJeans,single,2,False,41,82,True,2025-01-04,50.0,81.0,1.0,9.0,1.0,2025-01-06,41,0,False,0.6666666666666666,0.3986013986013986,0.0,1.0,54.63869463869464
new jeans | newjeans,7,2025-01-09,2025-01-09,1,50,50,83,83,New Jeans,NewJeans,single,2,False,50,83,True,2025-01-06,41.0,82.0,2.0,-9.0,1.0,2025-01-09,50,0,False,0.3508771929824561,0.3986013986013986,0.0,1.0,42.00711569132622
new jeans | newjeans,8,2025-01-13,2025-01-15,3,49,49,83,83,New Jeans,NewJeans,single,2,False,49,83,True,2025-01-09,50.0,83.0,3.0,1.0,0.0,2025-01-13,49,0,False,0.5263157894736842,0.3916083916083916,0.008849557522123894,1.0,49.061790561557686
new jeans | newjeans,9,2025-02-10,2025-02-10,1,45,45,83,83,New Jeans,NewJeans,single,2,False,45,83,True,2025-01-15,49.0,83.0,25.0,4.0,0.0,2025-02-10,45,0,False,0.5789473684210527,0.3916083916083916,0.0,1.0,50.99006256900994
new jeans | newjeans,10,2025-02-12,2025-02-12,1,43,43,83,83,New Jeans,NewJeans,single,2,False,43,83,True,2025-02-10,45.0,83.0,1.0,2.0,0.0,2025-02-12,43,0,False,0.543859649122807,0.3916083916083916,0.0,1.0,49.58655379708012
new jeans | newjeans,11,2025-02-14,2025-02-18,5,48,46,83,83,New Jeans,NewJeans,single,2,False,48,83,True,2025-02-12,43.0,83.0,1.0,-5.0,0.0,2025-02-15,46,1,False,0.42105263157894735,0.3916083916083916,0.017699115044247787,0.990909090909091,44.84643721439251
new jeans | newjeans,12,2025-02-28,2025-03-06,7,48,45,83,83,New Jeans,NewJeans,single,2,False,47,82,True,2025-02-18,48.0,83.0,9.0,0.0,0.0,2025-03-01,45,1,False,0.5087719298245614,0.3916083916083916,0.02654867256637168,0.990909090909091,48.532200294659546
new jeans | newjeans,13,2025-03-08,2025-03-10,3,45,45,82,82,New Jeans,NewJeans,single,2,False,47,81,True,2025-03-06,47.0,82.0,1.0,2.0,0.0,2025-03-08,45,0,False,0.543859649122807,0.3916083916083916,0.008849557522123894,1.0,49.7635449475226
new jeans | newjeans,15,2025-03-18,2025-03-18,1,47,47,81,81,New Jeans,NewJeans,single,2,False,47,81,True,2025-03-16,49.0,81.0,1.0,2.0,0.0,2025-03-18,47,0,False,0.543859649122807,0.3916083916083916,0.0,1.0,49.58655379708012
new jeans | newjeans,16,2025-03-20,2025-03-20,1,50,50,81,81,New Jeans,NewJeans,single,2,False,50,81,True,2025-03-18,47.0,81.0,1.0,-3.0,0.0,2025-03-20,50,0,False,0.45614035087719296,0.3916083916083916,0.0,1.0,46.07778186725556
new jeans | newjeans,17,2025-03-22,2025-03-24,3,49,49,80,80,New Jeans,NewJeans,single,2,False,50,80,True,2025-03-20,50.0,81.0,1.0,1.0,-1.0,2025-03-22,49,0,False,0.5263157894736842,0.38461538461538464,0.008849557522123894,1.0,48.92193042169754
new jeans | newjeans,19,2025-04-27,2025-07-10,75,40,26,80,80,New Jeans,NewJeans,single,2,False,42,77,True,2025-04-20,48.0,81.0,6.0,8.0,-1.0,2025-06-03,26,37,False,0.6491228070175439,0.38461538461538464,0.3274336283185841,0.6636363636363636,53.478619812108406
new jeans | newjeans,21,2025-08-11,2025-08-12,2,50,50,78,78,New Jeans,NewJeans,single,2,False,50,78,True,2025-08-03,45.0,78.0,7.0,-5.0,0.0,2025-08-11,50,0,False,0.42105263157894735,0.3916083916083916,0.004424778761061947,1.0,44.76276867054697
new jeans | newjeans,23,2025-08-18,2025-08-19,2,50,50,78,78,New Jeans,NewJeans,single,2,False,50,78,True,2025-08-16,49.0,78.0,1.0,-1.0,0.0,2025-08-18,50,0,False,0.49122807017543857,0.3916083916083916,0.004424778761061947,1.0,47.56978621440661
new jeans | newjeans,24,2025-10-21,2025-10-21,1,44,44,76,76,New Jeans,NewJeans,single,2,False,44,76,True,2025-08-19,50.0,78.0,62.0,6.0,-2.0,2025-10-21,44,0,False,0.6140350877192983,0.3776223776223776,0.0,1.0,52.113851061219485
nice guy | boynextdoor,2,2025-10-04,2025-10-04,1,49,49,70,70,Nice Guy,BOYNEXTDOOR,album,7,False,49,70,True,2025-09-29,46.0,70.0,4.0,-3.0,0.0,2025-10-04,49,0,False,0.45614035087719296,0.3916083916083916,0.0,1.0,46.07778186725556
night dancer - big naughty remix | imase & big naughty,2,2024-06-03,2024-06-09,7,50,37,59,61,NIGHT DANCER - BIG Naughty Remix,imase & BIG Naughty,single,2,False,47,61,True,2024-05-23,41.0,53.0,10.0,-9.0,6.0,2024-06-05,37,2,False,0.3508771929824561,0.43356643356643354,0.02654867256637168,0.9818181818181818,42.87375347831799
no tomorrow - spotify singles | various artists,2,2025-04-10,2025-04-11,2,46,46,45,48,No Tomorrow - Spotify Singles,Various Artists,single,1,False,48,48,True,2025-04-08,50.0,30.0,1.0,4.0,15.0,2025-04-10,46,0,False,0.5789473684210527,0.4965034965034965,0.004424778761061947,1.0,53.176460242133274
not like us | kendrick lamar,2,2025-05-30,2025-06-01,3,48,43,98,98,Not Like Us,Kendrick Lamar,single,1,True,44,98,True,2025-05-25,29.0,98.0,4.0,-19.0,0.0,2025-05-31,43,1,False,0.17543859649122806,0.3916083916083916,0.008849557522123894,0.990909090909091,34.84488466044125
not like us | kendrick lamar,3,2025-06-22,2025-06-29,8,47,44,93,95,Not Like Us,Kendrick Lamar,single,1,True,44,95,True,2025-06-01,44.0,98.0,20.0,-3.0,-5.0,2025-06-28,44,6,False,0.45614035087719296,0.35664335664335667,0.030973451327433628,0.9454545454545454,44.90704110359444
not like us | kendrick lamar,4,2025-07-07,2025-07-10,4,40,40,96,96,Not Like Us,Kendrick Lamar,single,1,True,40,96,True,2025-06-29,44.0,95.0,7.0,4.0,1.0,2025-07-07,40,0,False,0.5789473684210527,0.3986013986013986,0.01327433628318584,1.0,51.39540943453381
not like us | kendrick lamar,6,2025-07-31,2025-08-03,4,47,46,97,97,Not Like Us,Kendrick Lamar,single,1,True,49,97,True,2025-07-28,46.0,97.0,2.0,-1.0,0.0,2025-08-01,46,1,False,0.49122807017543857,0.3916083916083916,0.01327433628318584,0.990909090909091,47.564959183030915
omg | newjeans,2,2024-12-02,2024-12-24,23,42,38,86,87,OMG,NewJeans,single,2,False,46,85,True,2024-10-28,48.0,87.0,34.0,6.0,-1.0,2024-12-11,38,9,False,0.6140350877192983,0.38461538461538464,0.09734513274336283,0.9181818181818182,52.56425021958324
omg | newjeans,3,2024-12-28,2025-01-26,30,40,34,83,87,OMG,NewJeans,single,2,False,50,87,True,2024-12-24,46.0,85.0,3.0,6.0,-2.0,2025-01-06,34,9,False,0.6140350877192983,0.3776223776223776,0.12831858407079647,0.9181818181818182,53.043859106271775
omg | newjeans,4,2025-01-28,2025-01-29,2,49,49,87,87,OMG,NewJeans,single,2,False,49,87,True,2025-01-26,50.0,87.0,1.0,1.0,0.0,2025-01-28,49,0,False,0.5263157894736842,0.3916083916083916,0.004424778761061947,1.0,48.97329498633644
omg | newjeans,5,2025-02-01,2025-02-01,1,50,50,87,87,OMG,NewJeans,single,2,False,50,87,True,2025-01-29,49.0,87.0,2.0,-1.0,0.0,2025-02-01,50,0,False,0.49122807017543857,0.3916083916083916,0.0,1.0,47.481290639185374
omg | newjeans,6,2025-02-04,2025-02-04,1,50,50,87,87,OMG,NewJeans,single,2,False,50,87,True,2025-02-01,50.0,87.0,2.0,0.0,0.0,2025-02-04,50,0,False,0.5087719298245614,0.3916083916083916,0.0,1.0,48.18304502515029
omg | newjeans,7,2025-02-10,2025-02-12,3,43,41,87,87,OMG,NewJeans,single,2,False,41,86,True,2025-02-04,50.0,87.0,5.0,7.0,0.0,2025-02-12,41,2,False,0.631578947368421,0.3916083916083916,0.008849557522123894,0.9818181818181818,52.90868051371079
omg | newjeans,8,2025-02-14,2025-02-18,5,47,45,87,87,OMG,NewJeans,single,2,False,45,87,True,2025-02-12,41.0,86.0,1.0,-6.0,1.0,2025-02-18,45,4,False,0.40350877192982454,0.3986013986013986,0.017699115044247787,0.9636363636363636,43.739088422833184
omg | newjeans,10,2025-04-28,2025-05-18,21,41,15,82,82,OMG,NewJeans,single,2,False,49,81,True,2025-04-01,48.0,82.0,26.0,7.0,0.0,2025-05-01,15,3,False,0.631578947368421,0.3916083916083916,0.08849557522123894,0.9727272727272728,54.31978268587492
omg | newjeans,11,2025-05-20,2025-05-22,3,50,50,81,81,OMG,NewJeans,single,2,False,50,81,True,2025-05-18,49.0,81.0,1.0,-1.0,0.0,2025-05-20,50,0,False,0.49122807017543857,0.3916083916083916,0.008849557522123894,1.0,47.65828178962786
omg | newjeans,12,2025-06-01,2025-07-10,40,45,38,81,81,OMG,NewJeans,single,2,False,45,79,True,2025-05-22,50.0,81.0,9.0,5.0,0.0,2025-06-20,38,19,False,0.5964912280701754,0.3916083916083916,0.17256637168141592,0.8272727272727273,51.688598934057715
omg | newjeans,14,2025-07-24,2025-07-31,8,42,42,80,80,OMG,NewJeans,single,2,False,48,80,True,2025-07-21,50.0,80.0,2.0,8.0,0.0,2025-07-24,42,0,False,0.6491228070175439,0.3916083916083916,0.030973451327433628,1.0,54.41654913941826
omg | newjeans,16,2025-10-13,2025-10-14,2,41,41,78,78,OMG,NewJeans,single,2,False,44,78,True,2025-08-19,44.0,80.0,54.0,3.0,-2.0,2025-10-13,41,0,False,0.5614035087719298,0.3776223776223776,0.004424778761061947,1.0,50.097083478545976
"our blues, our life | lim young woong",2,2024-07-10,2024-07-26,17,45,43,60,60,"Our Blues, Our Life",Lim Young Woong,album,12,False,50,60,True,2024-07-04,40.0,60.0,5.0,-5.0,0.0,2024-07-11,43,1,False,0.42105263157894735,0.3916083916083916,0.07079646017699115,0.990909090909091,45.908384117047376
"our blues, our life | lim young woong",3,2024-07-31,2024-08-17,18,47,42,59,59,"Our Blues, Our Life",Lim Young Woong,album,12,False,47,58,True,2024-07-26,50.0,60.0,4.0,3.0,-1.0,2024-08-07,42,7,False,0.5614035087719298,0.38461538461538464,0.0752212389380531,0.9363636363636364,50.38014554921867
"our blues, our life | lim young woong",4,2024-08-20,2024-08-20,1,49,49,58,58,"Our Blues, Our Life",Lim Young Woong,album,12,False,49,58,True,2024-08-17,47.0,58.0,2.0,-2.0,0.0,2024-08-20,49,0,False,0.47368421052631576,0.3916083916083916,0.0,1.0,46.77953625322046
"our blues, our life | lim young woong",5,2024-08-24,2024-08-29,6,47,44,58,58,"Our Blues, Our Life",Lim Young Woong,album,12,False,50,58,True,2024-08-20,49.0,58.0,3.0,2.0,0.0,2024-08-28,44,4,False,0.543859649122807,0.3916083916083916,0.022123893805309734,0.9636363636363636,49.30175894591359
"our blues, our life | lim young woong",6,2024-09-03,2024-09-06,4,44,41,58,58,"Our Blues, Our Life",Lim Young Woong,album,12,False,49,58,True,2024-08-29,50.0,58.0,4.0,6.0,0.0,2024-09-04,41,1,False,0.6140350877192983,0.3916083916083916,0.01327433628318584,0.990909090909091,52.47723988478531
"our blues, our life | lim young woong",7,2024-09-10,2024-09-27,18,37,37,59,59,"Our Blues, Our Life",Lim Young Woong,album,12,False,41,58,True,2024-09-06,49.0,58.0,3.0,12.0,1.0,2024-09-10,37,0,False,0.7192982456140351,0.3986013986013986,0.0752212389380531,1.0,58.24838257535044
"our blues, our life | lim young woong",8,2024-09-29,2024-10-05,7,47,44,58,58,"Our Blues, Our Life",Lim Young Woong,album,12,False,45,58,True,2024-09-27,41.0,58.0,1.0,-6.0,0.0,2024-10-02,44,3,False,0.40350877192982454,0.3916083916083916,0.02654867256637168,0.9727272727272728,43.9580376152337
"our blues, our life | lim young woong",9,2024-10-07,2024-10-09,3,49,45,58,58,"Our Blues, Our Life",Lim Young Woong,album,12,False,46,58,True,2024-10-05,45.0,58.0,1.0,-4.0,0.0,2024-10-08,45,1,False,0.43859649122807015,0.3916083916083916,0.008849557522123894,0.990909090909091,45.371200449914944
"our blues, our life | lim young woong",10,2024-10-13,2025-03-13,152,39,16,58,63,"Our Blues, Our Life",Lim Young Woong,album,12,False,38,58,True,2024-10-09,46.0,58.0,3.0,7.0,0.0,2024-11-30,16,48,False,0.631578947368421,0.3916083916083916,0.668141592920354,0.5636363636363637,57.73088485803903
"our blues, our life | lim young woong",13,2025-04-24,2025-04-27,4,47,44,57,57,"Our Blues, Our Life",Lim Young Woong,album,12,False,49,57,True,2025-04-22,47.0,57.0,1.0,0.0,0.0,2025-04-25,44,1,False,0.5087719298245614,0.3916083916083916,0.01327433628318584,0.990909090909091,48.266713568995826
"our blues, our life | lim young woong",14,2025-04-29,2025-04-30,2,50,48,57,57,"Our Blues, Our Life",Lim Young Woong,album,12,False,48,57,True,2025-04-27,49.0,57.0,1.0,-1.0,0.0,2025-04-30,48,1,False,0.49122807017543857,0.3916083916083916,0.004424778761061947,0.990909090909091,47.38796803258843
"our blues, our life | lim young woong",15,2025-05-02,2025-05-04,3,50,49,57,57,"Our Blues, Our Life",Lim Young Woong,album,12,False,49,56,True,2025-04-30,48.0,57.0,1.0,-2.0,0.0,2025-05-03,49,1,False,0.47368421052631576,0.3916083916083916,0.008849557522123894,0.990909090909091,46.77470922184476
"our blues, our life | lim young woong",16,2025-05-07,2025-05-08,2,42,42,56,56,"Our Blues, Our Life",Lim Young Woong,album,12,False,49,56,True,2025-05-04,49.0,56.0,2.0,7.0,0.0,2025-05-07,42,0,False,0.631578947368421,0.3916083916083916,0.004424778761061947,1.0,53.183821302125914
"our blues, our life | lim young woong",17,2025-05-10,2025-05-14,5,46,43,56,56,"Our Blues, Our Life",Lim Young Woong,album,12,False,47,56,True,2025-05-08,49.0,56.0,1.0,3.0,0.0,2025-05-13,43,3,False,0.5614035087719298,0.3916083916083916,0.017699115044247787,0.9727272727272728,50.09683593847544
"our blues, our life | lim young woong",18,2025-05-16,2025-05-18,3,46,46,56,57,"Our Blues, Our Life",Lim Young Woong,album,12,False,50,57,True,2025-05-14,47.0,56.0,1.0,1.0,0.0,2025-05-16,46,0,False,0.5263157894736842,0.3916083916083916,0.008849557522123894,1.0,49.061790561557686
"our blues, our life | lim young woong",19,2025-05-20,2025-05-21,2,48,48,57,57,"Our Blues, Our Life",Lim Young Woong,album,12,False,49,57,True,2025-05-18,50.0,57.0,1.0,2.0,0.0,2025-05-20,48,0,False,0.543859649122807,0.3916083916083916,0.004424778761061947,1.0,49.67504937230135
"our blues, our life | lim young woong",20,2025-06-10,2025-06-11,2,49,49,51,51,"Our Blues, Our Life",Lim Young Woong,album,12,False,49,51,True,2025-05-21,49.0,57.0,19.0,0.0,-6.0,2025-06-10,49,0,False,0.5087719298245614,0.34965034965034963,0.004424778761061947,1.0,47.43237976121069
"our blues, our life | lim young woong",21,2025-06-21,2025-06-21,1,50,50,51,51,"Our Blues, Our Life",Lim Young Woong,album,12,False,50,51,True,2025-06-11,49.0,51.0,9.0,-1.0,0.0,2025-06-21,50,0,False,0.49122807017543857,0.3916083916083916,0.0,1.0,47.481290639185374
"our blues, our life | lim young woong",22,2025-06-24,2025-06-27,4,39,39,52,53,"Our Blues, Our Life",Lim Young Woong,album,12,False,50,53,True,2025-06-21,50.0,51.0,2.0,11.0,1.0,2025-06-24,39,0,False,0.7017543859649122,0.3986013986013986,0.01327433628318584,1.0,56.307690136288194
"our blues, our life | lim young woong",23,2025-06-30,2025-07-01,2,50,48,54,55,"Our Blues, Our Life",Lim Young Woong,album,12,False,48,55,True,2025-06-27,50.0,53.0,2.0,0.0,1.0,2025-07-01,48,1,False,0.5087719298245614,0.3986013986013986,0.004424778761061947,0.990909090909091,48.22958255841348
"our blues, our life | lim young woong",24,2025-07-04,2025-07-04,1,49,49,55,55,"Our Blues, Our Life",Lim Young Woong,album,12,False,49,55,True,2025-07-01,48.0,55.0,2.0,-1.0,0.0,2025-07-04,49,0,False,0.49122807017543857,0.3916083916083916,0.0,1.0,47.481290639185374
"our blues, our life | lim young woong",25,2025-07-06,2025-07-07,2,48,48,56,56,"Our Blues, Our Life",Lim Young Woong,album,12,False,48,56,True,2025-07-04,49.0,55.0,1.0,1.0,1.0,2025-07-06,48,0,False,0.5263157894736842,0.3986013986013986,0.004424778761061947,1.0,49.11315512619658
"our blues, our life | lim young woong",26,2025-07-09,2025-07-10,2,48,48,55,55,"Our Blues, Our Life",Lim Young Woong,album,12,False,50,55,True,2025-07-07,48.0,56.0,1.0,0.0,-1.0,2025-07-09,48,0,False,0.5087719298245614,0.38461538461538464,0.004424778761061947,1.0,48.13168046051139
"our blues, our life | lim young woong",28,2025-07-22,2025-07-24,3,46,46,56,56,"Our Blues, Our Life",Lim Young Woong,album,12,False,48,56,True,2025-07-20,43.0,56.0,1.0,-3.0,0.0,2025-07-22,46,0,False,0.45614035087719296,0.3916083916083916,0.008849557522123894,1.0,46.254773017698035
"our blues, our life | lim young woong",29,2025-08-05,2025-08-07,3,49,49,56,56,"Our Blues, Our Life",Lim Young Woong,album,12,False,49,56,True,2025-07-24,48.0,56.0,11.0,-1.0,0.0,2025-08-05,49,0,False,0.49122807017543857,0.3916083916083916,0.008849557522123894,1.0,47.65828178962786
"our blues, our life | lim young woong",30,2025-08-09,2025-08-09,1,46,46,55,55,"Our Blues, Our Life",Lim Young Woong,album,12,False,46,55,True,2025-08-07,49.0,56.0,1.0,3.0,-1.0,2025-08-09,46,0,False,0.5614035087719298,0.38461538461538464,0.0,1.0,50.14844804318488
"our blues, our life | lim young woong",31,2025-08-12,2025-08-12,1,49,49,56,56,"Our Blues, Our Life",Lim Young Woong,album,12,False,49,56,True,2025-08-09,46.0,55.0,2.0,-3.0,1.0,2025-08-12,49,0,False,0.45614035087719296,0.3986013986013986,0.0,1.0,46.21764200711569
people pt.2 (feat. iu) | agust d,2,2024-06-07,2024-06-07,1,45,45,80,80,People Pt.2 (feat. IU),Agust D,album,10,False,45,80,True,2024-06-03,43.0,80.0,3.0,-2.0,0.0,2024-06-07,45,0,False,0.47368421052631576,0.3916083916083916,0.0,1.0,46.77953625322046
people pt.2 (feat. iu) | agust d,3,2024-07-02,2024-11-04,126,35,14,78,78,People Pt.2 (feat. IU),Agust D,album,10,False,37,78,True,2024-06-07,45.0,80.0,24.0,10.0,-2.0,2024-08-11,14,40,False,0.6842105263157895,0.3776223776223776,0.5530973451327433,0.6363636363636364,58.710088235006744
perfect night | le sserafim,4,2025-05-13,2025-05-14,2,50,49,85,85,Perfect Night,LE SSERAFIM,single,1,False,49,85,True,2025-05-10,47.0,85.0,2.0,-3.0,0.0,2025-05-14,49,1,False,0.45614035087719296,0.3916083916083916,0.004424778761061947,0.990909090909091,45.98445926065862
perfect night | le sserafim,5,2025-05-20,2025-05-20,1,46,46,84,84,Perfect Night,LE SSERAFIM,single,1,False,46,84,True,2025-05-14,49.0,85.0,5.0,3.0,-1.0,2025-05-20,46,0,False,0.5614035087719298,0.38461538461538464,0.0,1.0,50.14844804318488
perfect night | le sserafim,6,2025-05-23,2025-05-25,3,49,49,84,84,Perfect Night,LE SSERAFIM,single,1,False,50,84,True,2025-05-20,46.0,84.0,2.0,-3.0,0.0,2025-05-23,49,0,False,0.45614035087719296,0.3916083916083916,0.008849557522123894,1.0,46.254773017698035
perfect night | le sserafim,7,2025-06-01,2025-06-01,1,48,48,84,84,Perfect Night,LE SSERAFIM,single,1,False,48,84,True,2025-05-25,50.0,84.0,6.0,2.0,0.0,2025-06-01,48,0,False,0.543859649122807,0.3916083916083916,0.0,1.0,49.58655379708012
perfect night | le sserafim,8,2025-06-03,2025-06-11,9,46,45,83,83,Perfect Night,LE SSERAFIM,single,1,False,50,78,True,2025-06-01,48.0,84.0,1.0,2.0,-1.0,2025-06-04,45,1,False,0.543859649122807,0.38461538461538464,0.035398230088495575,0.990909090909091,49.9728400771717
perfect night | le sserafim,9,2025-06-14,2025-06-20,7,50,46,78,78,Perfect Night,LE SSERAFIM,single,1,False,50,78,True,2025-06-11,50.0,78.0,2.0,0.0,0.0,2025-06-17,46,3,False,0.5087719298245614,0.3916083916083916,0.02654867256637168,0.9727272727272728,48.16856393102318
perfect night | le sserafim,12,2025-08-25,2025-08-25,1,50,50,81,81,Perfect Night,LE SSERAFIM,single,1,False,50,81,True,2025-08-19,40.0,81.0,5.0,-10.0,0.0,2025-08-25,50,0,False,0.3333333333333333,0.3916083916083916,0.0,1.0,41.16550116550117
perfect night | le sserafim,13,2025-08-28,2025-08-28,1,48,48,81,81,Perfect Night,LE SSERAFIM,single,1,False,48,81,True,2025-08-25,50.0,81.0,2.0,2.0,0.0,2025-08-28,48,0,False,0.543859649122807,0.3916083916083916,0.0,1.0,49.58655379708012
perfect night | le sserafim,14,2025-09-01,2025-10-21,51,45,30,81,81,Perfect Night,LE SSERAFIM,single,1,False,47,79,True,2025-08-28,48.0,81.0,3.0,3.0,0.0,2025-09-02,30,1,False,0.5614035087719298,0.3916083916083916,0.22123893805309736,0.990909090909091,54.53126876228879
please don't change (feat. dj snake) | jung kook,2,2024-12-23,2024-12-23,1,46,46,85,85,Please Don't Change (feat. DJ Snake),Jung Kook,album,11,False,46,85,True,2024-12-21,45.0,86.0,1.0,-1.0,-1.0,2024-12-23,46,0,False,0.49122807017543857,0.38461538461538464,0.0,1.0,47.341430499325234
please don't change (feat. dj snake) | jung kook,3,2024-12-28,2024-12-30,3,50,31,82,83,Please Don't Change (feat. DJ Snake),Jung Kook,album,11,False,44,83,True,2024-12-23,46.0,85.0,4.0,-4.0,-3.0,2024-12-29,31,1,False,0.43859649122807015,0.3706293706293706,0.008849557522123894,0.990909090909091,44.951620030334524
please don't change (feat. dj snake) | jung kook,4,2025-01-01,2025-01-16,16,45,42,83,85,Please Don't Change (feat. DJ Snake),Jung Kook,album,11,False,45,84,True,2024-12-30,44.0,83.0,1.0,-1.0,0.0,2025-01-04,42,3,False,0.49122807017543857,0.3916083916083916,0.06637168141592921,0.9727272727272728,48.263269722049415
please don't change (feat. dj snake) | jung kook,5,2025-01-21,2025-01-21,1,36,36,84,84,Please Don't Change (feat. DJ Snake),Jung Kook,album,11,False,36,84,True,2025-01-16,45.0,84.0,4.0,9.0,0.0,2025-01-21,36,0,False,0.6666666666666666,0.3916083916083916,0.0,1.0,54.498834498834505
please don't change (feat. dj snake) | jung kook,6,2025-01-23,2025-01-24,2,49,48,84,84,Please Don't Change (feat. DJ Snake),Jung Kook,album,11,False,48,84,True,2025-01-21,36.0,84.0,1.0,-13.0,0.0,2025-01-24,48,1,False,0.2807017543859649,0.3916083916083916,0.004424778761061947,0.990909090909091,38.96691540100948
please don't change (feat. dj snake) | jung kook,7,2025-01-26,2025-01-26,1,49,49,84,84,Please Don't Change (feat. DJ Snake),Jung Kook,album,11,False,49,84,True,2025-01-24,48.0,84.0,1.0,-1.0,0.0,2025-01-26,49,0,False,0.49122807017543857,0.3916083916083916,0.0,1.0,47.481290639185374
please don't change (feat. dj snake) | jung kook,8,2025-02-03,2025-02-03,1,46,46,84,84,Please Don't Change (feat. DJ Snake),Jung Kook,album,11,False,46,84,True,2025-01-26,49.0,84.0,7.0,3.0,0.0,2025-02-03,46,0,False,0.5614035087719298,0.3916083916083916,0.0,1.0,50.288308183045025
please don't change (feat. dj snake) | jung kook,9,2025-02-05,2025-02-07,3,50,48,84,84,Please Don't Change (feat. DJ Snake),Jung Kook,album,11,False,48,84,True,2025-02-03,46.0,84.0,1.0,-4.0,0.0,2025-02-07,48,2,False,0.43859649122807015,0.3916083916083916,0.008849557522123894,0.9818181818181818,45.189382268096765
please don't change (feat. dj snake) | jung kook,10,2025-02-13,2025-03-09,25,45,30,83,83,Please Don't Change (feat. DJ Snake),Jung Kook,album,11,False,41,82,True,2025-02-07,48.0,84.0,5.0,3.0,-1.0,2025-02-14,30,1,False,0.5614035087719298,0.38461538461538464,0.10619469026548672,0.990909090909091,52.09052366667643
please please please | sabrina carpenter,3,2025-07-23,2025-07-24,2,50,49,98,98,Please Please Please,Sabrina Carpenter,single,2,True,49,98,True,2025-07-21,45.0,99.0,1.0,-5.0,-1.0,2025-07-24,49,1,False,0.42105263157894735,0.38461538461538464,0.004424778761061947,0.990909090909091,44.44109034886864
please please please | sabrina carpenter,4,2025-08-01,2025-08-02,2,50,50,98,98,Please Please Please,Sabrina Carpenter,single,2,True,50,98,True,2025-07-24,49.0,98.0,7.0,-1.0,0.0,2025-08-01,50,0,False,0.49122807017543857,0.3916083916083916,0.004424778761061947,1.0,47.56978621440661
please please please | sabrina carpenter,6,2025-08-24,2025-09-01,9,33,33,97,97,Please Please Please,Sabrina Carpenter,single,2,True,50,97,True,2025-08-16,47.0,98.0,7.0,14.0,-1.0,2025-08-24,33,0,False,0.7543859649122807,0.38461538461538464,0.035398230088495575,1.0,58.575710890568836
pleasure shop | key,2,2025-09-29,2025-09-29,1,48,48,57,57,Pleasure Shop,KEY,single,6,False,48,57,True,2025-09-27,50.0,54.0,1.0,2.0,3.0,2025-09-29,48,0,False,0.543859649122807,0.4125874125874126,0.0,1.0,50.006134216660534
plot twist | tws,4,2025-06-02,2025-06-15,14,46,43,74,74,plot twist,TWS,single,5,False,46,68,True,2025-05-25,48.0,75.0,7.0,2.0,-1.0,2025-06-06,43,4,False,0.543859649122807,0.38461538461538464,0.05752212389380531,0.9636363636363636,49.86986340782336
plot twist | tws,5,2025-06-17,2025-06-17,1,49,49,68,68,plot twist,TWS,single,5,False,49,68,True,2025-06-15,46.0,68.0,1.0,-3.0,0.0,2025-06-17,49,0,False,0.45614035087719296,0.3916083916083916,0.0,1.0,46.07778186725556
promise | jimin,2,2024-05-28,2024-05-28,1,45,45,77,77,Promise,Jimin,single,1,False,45,77,True,2024-05-20,43.0,78.0,7.0,-2.0,-1.0,2024-05-28,45,0,False,0.47368421052631576,0.38461538461538464,0.0,1.0,46.63967611336032
promise | jimin,3,2024-05-30,2024-05-30,1,42,42,77,77,Promise,Jimin,single,1,False,42,77,True,2024-05-28,45.0,77.0,1.0,3.0,0.0,2024-05-30,42,0,False,0.5614035087719298,0.3916083916083916,0.0,1.0,50.288308183045025
promise | jimin,4,2024-06-02,2024-06-02,1,42,42,77,77,Promise,Jimin,single,1,False,42,77,True,2024-05-30,42.0,77.0,2.0,0.0,0.0,2024-06-02,42,0,False,0.5087719298245614,0.3916083916083916,0.0,1.0,48.18304502515029
promise | jimin,5,2024-06-08,2024-06-08,1,50,50,77,77,Promise,Jimin,single,1,False,50,77,True,2024-06-02,42.0,77.0,5.0,-8.0,0.0,2024-06-08,50,0,False,0.3684210526315789,0.3916083916083916,0.0,1.0,42.56900993743099
promise | jimin,6,2024-06-10,2024-06-26,17,50,31,77,77,Promise,Jimin,single,1,False,45,77,True,2024-06-08,50.0,77.0,1.0,0.0,0.0,2024-06-22,31,12,False,0.5087719298245614,0.3916083916083916,0.07079646017699115,0.8909090909090909,47.41715604687193
promise | jimin,7,2024-06-28,2024-07-01,4,42,41,77,77,Promise,Jimin,single,1,False,41,77,True,2024-06-26,45.0,77.0,1.0,3.0,0.0,2024-07-01,41,3,False,0.5614035087719298,0.3916083916083916,0.01327433628318584,0.9727272727272728,50.0083403632542
promise | jimin,8,2024-07-03,2024-07-04,2,47,47,77,77,Promise,Jimin,single,1,False,49,77,True,2024-07-01,41.0,77.0,1.0,-6.0,0.0,2024-07-03,47,0,False,0.40350877192982454,0.3916083916083916,0.004424778761061947,1.0,44.06101428458206
promise | jimin,9,2024-07-07,2024-07-10,4,46,36,77,77,Promise,Jimin,single,1,False,47,77,True,2024-07-04,49.0,77.0,2.0,3.0,0.0,2024-07-09,36,2,False,0.5614035087719298,0.3916083916083916,0.01327433628318584,0.9818181818181818,50.190158545072386
promise | jimin,10,2024-07-12,2024-07-12,1,49,49,77,77,Promise,Jimin,single,1,False,49,77,True,2024-07-10,47.0,77.0,1.0,-2.0,0.0,2024-07-12,49,0,False,0.47368421052631576,0.3916083916083916,0.0,1.0,46.77953625322046
pump up the volume! | plave,2,2025-09-17,2025-09-21,5,47,45,67,67,Pump Up The Volume!,PLAVE,single,1,False,47,67,True,2025-09-15,45.0,67.0,1.0,-2.0,0.0,2025-09-18,45,1,False,0.47368421052631576,0.3916083916083916,0.017699115044247787,0.990909090909091,46.95170037228724
pump up the volume! | plave,3,2025-10-24,2025-11-02,10,47,33,63,63,Pump Up The Volume!,PLAVE,single,1,False,47,63,True,2025-09-21,47.0,67.0,32.0,0.0,-4.0,2025-10-25,33,1,False,0.5087719298245614,0.36363636363636365,0.03982300884955752,0.990909090909091,48.2382464608827
queencard | (g)i-dle,2,2024-09-24,2024-09-24,1,50,50,85,85,Queencard,(G)I-DLE,single,6,False,50,85,True,2024-09-11,43.0,87.0,12.0,-7.0,-2.0,2024-09-24,50,0,False,0.38596491228070173,0.3776223776223776,0.0,1.0,42.99104404367562
queencard | (g)i-dle,3,2024-09-29,2024-09-29,1,49,49,85,85,Queencard,(G)I-DLE,single,6,False,49,85,True,2024-09-24,50.0,85.0,4.0,1.0,0.0,2024-09-29,49,0,False,0.5263157894736842,0.3916083916083916,0.0,1.0,48.8847994111152
rainbow | lim young woong,2,2024-07-08,2024-07-08,1,50,50,60,60,Rainbow,Lim Young Woong,album,12,False,50,60,True,2024-07-04,37.0,60.0,3.0,-13.0,0.0,2024-07-08,50,0,False,0.2807017543859649,0.3916083916083916,0.0,1.0,39.06023800760643
rainbow | lim young woong,3,2024-07-10,2024-07-26,17,43,37,60,60,Rainbow,Lim Young Woong,album,12,False,48,60,True,2024-07-08,50.0,60.0,1.0,7.0,0.0,2024-07-11,37,1,False,0.631578947368421,0.3916083916083916,0.07079646017699115,0.990909090909091,54.32943674862633
rainbow | lim young woong,4,2024-07-31,2024-08-30,31,46,40,59,59,Rainbow,Lim Young Woong,album,12,False,50,58,True,2024-07-26,48.0,60.0,4.0,2.0,-1.0,2024-08-07,40,7,False,0.543859649122807,0.38461538461538464,0.13274336283185842,0.9363636363636364,50.828833641129876
rainbow | lim young woong,5,2024-09-01,2024-09-08,8,50,35,58,58,Rainbow,Lim Young Woong,album,12,False,49,58,True,2024-08-30,50.0,58.0,1.0,0.0,0.0,2024-09-04,35,3,False,0.5087719298245614,0.3916083916083916,0.030973451327433628,0.9727272727272728,48.257059506244424
rainbow | lim young woong,6,2024-09-10,2025-03-13,185,36,14,59,63,Rainbow,Lim Young Woong,album,12,False,31,59,True,2024-09-08,49.0,58.0,1.0,13.0,1.0,2024-12-03,14,84,False,0.7368421052631579,0.3986013986013986,0.8141592920353983,0.23636363636363633,58.45617075053499
rainbow | lim young woong,9,2025-06-04,2025-06-04,1,49,49,55,55,Rainbow,Lim Young Woong,album,12,False,49,55,True,2025-05-22,49.0,57.0,12.0,0.0,-2.0,2025-06-04,49,0,False,0.5087719298245614,0.3776223776223776,0.0,1.0,47.90332474543001
rainbow | lim young woong,10,2025-06-07,2025-06-11,5,50,47,55,55,Rainbow,Lim Young Woong,album,12,False,48,51,True,2025-06-04,49.0,55.0,2.0,-1.0,0.0,2025-06-08,47,1,False,0.49122807017543857,0.3916083916083916,0.017699115044247787,0.990909090909091,47.65345475825215
rainbow | lim young woong,11,2025-06-16,2025-06-16,1,49,49,50,50,Rainbow,Lim Young Woong,album,12,False,49,50,True,2025-06-11,48.0,51.0,4.0,-1.0,-1.0,2025-06-16,49,0,False,0.49122807017543857,0.38461538461538464,0.0,1.0,47.341430499325234
rainbow | lim young woong,12,2025-06-18,2025-06-18,1,50,50,51,51,Rainbow,Lim Young Woong,album,12,False,50,51,True,2025-06-16,49.0,50.0,1.0,-1.0,1.0,2025-06-18,50,0,False,0.49122807017543857,0.3986013986013986,0.0,1.0,47.62115077904552
rainbow | lim young woong,13,2025-06-21,2025-06-21,1,48,48,51,51,Rainbow,Lim Young Woong,album,12,False,48,51,True,2025-06-18,50.0,51.0,2.0,2.0,0.0,2025-06-21,48,0,False,0.543859649122807,0.3916083916083916,0.0,1.0,49.58655379708012
rainbow | lim young woong,14,2025-06-24,2025-06-28,5,42,40,52,54,Rainbow,Lim Young Woong,album,12,False,49,54,True,2025-06-21,48.0,51.0,2.0,6.0,1.0,2025-06-26,40,2,False,0.6140350877192983,0.3986013986013986,0.017699115044247787,0.9818181818181818,52.5237774180485
rainbow | lim young woong,15,2025-06-30,2025-07-10,11,46,43,54,56,Rainbow,Lim Young Woong,album,12,False,43,55,True,2025-06-28,49.0,54.0,1.0,3.0,0.0,2025-07-10,43,10,False,0.5614035087719298,0.3916083916083916,0.04424778761061947,0.9090909090909091,49.3550821170756
rainbow | lim young woong,17,2025-07-15,2025-07-24,10,45,42,56,56,Rainbow,Lim Young Woong,album,12,False,44,56,True,2025-07-13,47.0,56.0,1.0,2.0,0.0,2025-07-18,42,3,False,0.543859649122807,0.3916083916083916,0.03982300884955752,0.9727272727272728,49.83755942861672
rainbow | lim young woong,18,2025-07-29,2025-07-30,2,47,47,56,56,Rainbow,Lim Young Woong,album,12,False,47,56,True,2025-07-24,44.0,56.0,4.0,-3.0,0.0,2025-07-29,47,0,False,0.45614035087719296,0.3916083916083916,0.004424778761061947,1.0,46.1662774424768
rainbow | lim young woong,19,2025-08-04,2025-08-09,6,48,43,56,56,Rainbow,Lim Young Woong,album,12,False,43,55,True,2025-07-30,47.0,56.0,4.0,-1.0,0.0,2025-08-09,43,5,False,0.49122807017543857,0.3916083916083916,0.022123893805309734,0.9545454545454546,47.014677606200664
rainbow | lim young woong,20,2025-08-12,2025-08-12,1,47,47,56,56,Rainbow,Lim Young Woong,album,12,False,47,56,True,2025-08-09,43.0,55.0,2.0,-4.0,1.0,2025-08-12,47,0,False,0.43859649122807015,0.3986013986013986,0.0,1.0,45.51588762115078
rainy days | v,2,2025-03-02,2025-03-09,8,50,46,81,81,Rainy Days,V,single,2,False,50,80,True,2025-02-20,33.0,82.0,9.0,-17.0,-1.0,2025-03-06,46,4,False,0.21052631578947367,0.38461538461538464,0.030973451327433628,0.9636363636363636,36.00555662316259
rainy days | v,3,2025-03-11,2025-03-13,3,44,44,80,80,Rainy Days,V,single,2,False,50,80,True,2025-03-09,50.0,80.0,1.0,6.0,0.0,2025-03-11,44,0,False,0.6140350877192983,0.3916083916083916,0.008849557522123894,1.0,52.57056249138223
rainy days | v,5,2025-03-24,2025-03-24,1,44,44,79,79,Rainy Days,V,single,2,False,44,79,True,2025-03-16,39.0,79.0,7.0,-5.0,0.0,2025-03-24,44,0,False,0.42105263157894735,0.3916083916083916,0.0,1.0,44.67427309532573
saturn | sza,2,2025-03-08,2025-03-13,6,49,43,90,91,Saturn,SZA,single,5,False,46,91,True,2025-03-01,43.0,86.0,6.0,-6.0,4.0,2025-03-10,43,2,False,0.40350877192982454,0.4195804195804196,0.022123893805309734,0.9818181818181818,44.61080078127121
seven (feat. latto) (alesso remix) | jung kook & latto,2,2024-09-05,2024-09-05,1,46,46,71,71,Seven (feat. Latto) (Alesso Remix),Jung Kook & Latto,single,4,True,46,71,True,2024-08-30,17.0,68.0,5.0,-29.0,3.0,2024-09-05,46,0,False,0.0,0.4125874125874126,0.0,1.0,28.251748251748253
seven (feat. latto) (alesso remix) | jung kook & latto,3,2024-09-07,2024-09-08,2,24,24,72,72,Seven (feat. Latto) (Alesso Remix),Jung Kook & Latto,single,4,True,24,72,True,2024-09-05,46.0,71.0,1.0,22.0,1.0,2024-09-07,24,0,False,0.8947368421052632,0.3986013986013986,0.004424778761061947,1.0,63.849997231459746
seven (feat. latto) (band ver.) | jung kook & latto,2,2024-07-27,2024-07-30,4,34,34,77,77,Seven (feat. Latto) (Band Ver.),Jung Kook & Latto,single,5,False,46,77,True,2024-07-22,16.0,75.0,4.0,-18.0,2.0,2024-07-27,34,0,False,0.19298245614035087,0.40559440559440557,0.01327433628318584,1.0,36.09667308316587
seven (feat. latto) (band ver.) | jung kook & latto,3,2024-08-02,2024-08-02,1,49,49,77,77,Seven (feat. Latto) (Band Ver.),Jung Kook & Latto,single,5,False,49,77,True,2024-07-30,46.0,77.0,2.0,-3.0,0.0,2024-08-02,49,0,False,0.45614035087719296,0.3916083916083916,0.0,1.0,46.07778186725556
seven (feat. latto) (band ver.) | jung kook & latto,4,2024-08-05,2024-08-05,1,49,49,77,77,Seven (feat. Latto) (Band Ver.),Jung Kook & Latto,single,5,False,49,77,True,2024-08-02,49.0,77.0,2.0,0.0,0.0,2024-08-05,49,0,False,0.5087719298245614,0.3916083916083916,0.0,1.0,48.18304502515029
seven (feat. latto) (explicit ver.) | jung kook & latto,2,2024-07-19,2024-11-03,108,1,1,95,100,Seven (feat. Latto) (Explicit Ver.),Jung Kook & Latto,single,3,True,1,97,True,2024-07-16,1.0,86.0,2.0,0.0,9.0,2024-07-19,1,0,False,0.5087719298245614,0.45454545454545453,0.47345132743362833,1.0,58.91081283256412
seven (feat. latto) (instrumental) | jung kook & latto,2,2024-07-19,2024-08-06,19,10,9,80,81,Seven (feat. Latto) (Instrumental),Jung Kook & Latto,single,3,False,43,79,True,2024-07-16,10.0,74.0,2.0,0.0,6.0,2024-07-21,9,2,False,0.5087719298245614,0.43356643356643354,0.07964601769911504,0.9818181818181818,50.25148985465706
seven (feat. latto) (summer mix) | jung kook & latto,2,2024-07-27,2024-07-28,2,35,35,77,78,Seven (feat. Latto) (Summer Mix),Jung Kook & Latto,single,5,False,35,78,True,2024-07-22,12.0,76.0,4.0,-23.0,1.0,2024-07-27,35,0,False,0.10526315789473684,0.3986013986013986,0.004424778761061947,1.0,32.271049863038684
sheesh | babymonster,2,2025-07-04,2025-07-05,2,50,50,85,85,SHEESH,BABYMONSTER,single,7,False,50,85,True,2025-06-30,47.0,84.0,3.0,-3.0,1.0,2025-07-04,50,0,False,0.45614035087719296,0.3986013986013986,0.004424778761061947,1.0,46.30613758233693
shot glass of tears | jung kook,2,2024-12-12,2024-12-13,2,47,41,86,86,Shot Glass of Tears,Jung Kook,album,11,False,41,85,True,2024-12-10,47.0,86.0,1.0,0.0,0.0,2024-12-13,41,1,False,0.5087719298245614,0.3916083916083916,0.004424778761061947,0.990909090909091,48.08972241855335
shot glass of tears | jung kook,3,2024-12-15,2024-12-16,2,45,45,85,85,Shot Glass of Tears,Jung Kook,album,11,False,49,85,True,2024-12-13,41.0,85.0,1.0,-4.0,0.0,2024-12-15,45,0,False,0.43859649122807015,0.3916083916083916,0.004424778761061947,1.0,45.46452305651188
shot glass of tears | jung kook,4,2024-12-19,2024-12-19,1,50,50,85,85,Shot Glass of Tears,Jung Kook,album,11,False,50,85,True,2024-12-16,49.0,85.0,2.0,-1.0,0.0,2024-12-19,50,0,False,0.49122807017543857,0.3916083916083916,0.0,1.0,47.481290639185374
shot glass of tears | jung kook,5,2024-12-29,2024-12-29,1,50,50,81,81,Shot Glass of Tears,Jung Kook,album,11,False,50,81,True,2024-12-19,50.0,85.0,9.0,0.0,-4.0,2024-12-29,50,0,False,0.5087719298245614,0.36363636363636365,0.0,1.0,47.62360446570973
shot glass of tears | jung kook,6,2025-03-01,2025-03-01,1,44,44,80,80,Shot Glass of Tears,Jung Kook,album,11,False,44,80,True,2024-12-29,50.0,81.0,61.0,6.0,-1.0,2025-03-01,44,0,False,0.6140350877192983,0.38461538461538464,0.0,1.0,52.253711201079625
slow dancing (piano ver.) | v,2,2024-12-31,2024-12-31,1,49,49,79,79,Slow Dancing (Piano Ver.),V,single,6,False,49,79,True,2024-11-07,48.0,86.0,53.0,-1.0,-7.0,2024-12-31,49,0,False,0.49122807017543857,0.34265734265734266,0.0,1.0,46.502269660164394
slow dancing | v,2,2024-09-17,2025-03-13,178,6,4,91,96,Slow Dancing,V,single,6,False,41,87,True,2024-09-14,5.0,89.0,2.0,-1.0,2.0,2024-09-22,4,5,False,0.49122807017543857,0.40559440559440557,0.7831858407079646,0.9545454545454546,62.51563682397404
slow dancing | v,5,2025-05-02,2025-05-02,1,48,48,83,83,Slow Dancing,V,single,6,False,48,83,True,2025-04-30,49.0,83.0,1.0,1.0,0.0,2025-05-02,48,0,False,0.5263157894736842,0.3916083916083916,0.0,1.0,48.8847994111152
slow dancing | v,6,2025-05-04,2025-05-05,2,48,48,82,82,Slow Dancing,V,single,6,False,48,82,True,2025-05-02,48.0,83.0,1.0,0.0,-1.0,2025-05-04,48,0,False,0.5087719298245614,0.38461538461538464,0.004424778761061947,1.0,48.13168046051139
slow dancing | v,7,2025-05-07,2025-05-08,2,44,44,82,82,Slow Dancing,V,single,6,False,48,82,True,2025-05-05,48.0,82.0,1.0,4.0,0.0,2025-05-07,44,0,False,0.5789473684210527,0.3916083916083916,0.004424778761061947,1.0,51.07855814423118
small girl (feat. d.o.) | lee young ji,4,2025-09-02,2025-09-03,2,43,43,75,75,Small girl (feat. D.O.),Lee Young Ji,single,6,False,43,75,True,2025-08-31,44.0,75.0,1.0,1.0,0.0,2025-09-02,43,0,False,0.5263157894736842,0.3916083916083916,0.004424778761061947,1.0,48.97329498633644
small girl (feat. d.o.) | lee young ji,5,2025-09-09,2025-09-11,3,44,44,74,74,Small girl (feat. D.O.),Lee Young Ji,single,6,False,47,74,True,2025-09-03,43.0,75.0,5.0,-1.0,-1.0,2025-09-09,44,0,False,0.49122807017543857,0.38461538461538464,0.008849557522123894,1.0,47.51842164976772
small girl (feat. d.o.) | lee young ji,6,2025-09-13,2025-10-01,19,50,31,74,74,Small girl (feat. D.O.),Lee Young Ji,single,6,False,45,74,True,2025-09-11,47.0,74.0,1.0,-3.0,0.0,2025-09-17,31,4,False,0.45614035087719296,0.3916083916083916,0.07964601769911504,0.9636363636363636,46.943429493965134
smart | le sserafim,4,2025-05-27,2025-06-20,25,39,35,80,80,Smart,LE SSERAFIM,single,9,False,48,74,True,2025-05-25,36.0,80.0,1.0,-3.0,0.0,2025-06-03,35,7,False,0.45614035087719296,0.3916083916083916,0.10619469026548672,0.9363636363636364,46.92894839983801
snowman | sia,2,2024-12-21,2024-12-27,7,34,14,94,94,Snowman,Sia,album,13,False,16,94,True,2024-12-19,44.0,94.0,1.0,10.0,0.0,2024-12-25,14,4,False,0.6842105263157895,0.3916083916083916,0.02654867256637168,0.9636363636363636,55.004289608854116
somebody | jung kook,2,2024-12-06,2024-12-08,3,48,47,86,86,Somebody,Jung Kook,album,11,False,47,86,True,2024-12-04,47.0,86.0,1.0,-1.0,0.0,2024-12-08,47,2,False,0.49122807017543857,0.3916083916083916,0.008849557522123894,0.9818181818181818,47.2946454259915
somebody | jung kook,3,2024-12-10,2024-12-10,1,50,50,86,86,Somebody,Jung Kook,album,11,False,50,86,True,2024-12-08,47.0,86.0,1.0,-3.0,0.0,2024-12-10,50,0,False,0.45614035087719296,0.3916083916083916,0.0,1.0,46.07778186725556
somebody | jung kook,4,2024-12-12,2024-12-14,3,48,37,86,86,Somebody,Jung Kook,album,11,False,43,86,True,2024-12-10,50.0,86.0,1.0,2.0,0.0,2024-12-13,37,1,False,0.543859649122807,0.3916083916083916,0.008849557522123894,0.990909090909091,49.58172676570442
somebody | jung kook,5,2024-12-16,2024-12-16,1,46,46,85,85,Somebody,Jung Kook,album,11,False,46,85,True,2024-12-14,43.0,86.0,1.0,-3.0,-1.0,2024-12-16,46,0,False,0.45614035087719296,0.38461538461538464,0.0,1.0,45.93792172739541
somebody | jung kook,6,2024-12-21,2024-12-21,1,49,49,84,84,Somebody,Jung Kook,album,11,False,49,84,True,2024-12-16,46.0,85.0,4.0,-3.0,-1.0,2024-12-21,49,0,False,0.45614035087719296,0.38461538461538464,0.0,1.0,45.93792172739541
somebody | jung kook,7,2025-01-25,2025-01-25,1,50,50,82,82,Somebody,Jung Kook,album,11,False,50,82,True,2024-12-21,49.0,84.0,34.0,-1.0,-2.0,2025-01-25,50,0,False,0.49122807017543857,0.3776223776223776,0.0,1.0,47.2015703594651
somebody | jung kook,8,2025-01-28,2025-01-31,4,46,46,82,82,Somebody,Jung Kook,album,11,False,48,82,True,2025-01-25,50.0,82.0,2.0,4.0,0.0,2025-01-28,46,0,False,0.5789473684210527,0.3916083916083916,0.01327433628318584,1.0,51.25554929467366
somebody | jung kook,9,2025-02-02,2025-02-02,1,48,48,82,82,Somebody,Jung Kook,album,11,False,48,82,True,2025-01-31,48.0,82.0,1.0,0.0,0.0,2025-02-02,48,0,False,0.5087719298245614,0.3916083916083916,0.0,1.0,48.18304502515029
somebody | jung kook,10,2025-02-08,2025-02-08,1,47,47,82,82,Somebody,Jung Kook,album,11,False,47,82,True,2025-02-02,48.0,82.0,5.0,1.0,0.0,2025-02-08,47,0,False,0.5263157894736842,0.3916083916083916,0.0,1.0,48.8847994111152
somebody | jung kook,11,2025-02-10,2025-02-10,1,48,48,82,82,Somebody,Jung Kook,album,11,False,48,82,True,2025-02-08,47.0,82.0,1.0,-1.0,0.0,2025-02-10,48,0,False,0.49122807017543857,0.3916083916083916,0.0,1.0,47.481290639185374
somebody | jung kook,12,2025-02-13,2025-02-14,2,49,41,81,81,Somebody,Jung Kook,album,11,False,41,81,True,2025-02-10,48.0,82.0,2.0,-1.0,-1.0,2025-02-14,41,1,False,0.49122807017543857,0.38461538461538464,0.004424778761061947,0.990909090909091,47.2481078927283
somebody | jung kook,13,2025-02-17,2025-02-17,1,45,45,81,81,Somebody,Jung Kook,album,11,False,45,81,True,2025-02-14,41.0,81.0,2.0,-4.0,0.0,2025-02-17,45,0,False,0.43859649122807015,0.3916083916083916,0.0,1.0,45.37602748129064
somebody | jung kook,14,2025-02-26,2025-03-05,8,45,38,81,81,Somebody,Jung Kook,album,11,False,42,80,True,2025-02-17,45.0,81.0,8.0,0.0,0.0,2025-03-01,38,3,False,0.5087719298245614,0.3916083916083916,0.030973451327433628,0.9727272727272728,48.257059506244424
somebody | jung kook,15,2025-03-07,2025-03-08,2,41,41,80,80,Somebody,Jung Kook,album,11,False,42,80,True,2025-03-05,42.0,80.0,1.0,1.0,0.0,2025-03-07,41,0,False,0.5263157894736842,0.3916083916083916,0.004424778761061947,1.0,48.97329498633644
somebody | jung kook,16,2025-03-10,2025-03-10,1,50,50,79,79,Somebody,Jung Kook,album,11,False,50,79,True,2025-03-08,42.0,80.0,1.0,-8.0,-1.0,2025-03-10,50,0,False,0.3684210526315789,0.38461538461538464,0.0,1.0,42.42914979757085
sos | kangdaniel,2,2024-08-12,2024-08-21,10,47,35,73,73,SOS,KANGDANIEL,single,5,False,41,72,True,2024-08-10,30.0,74.0,1.0,-17.0,-1.0,2024-08-17,35,5,False,0.21052631578947367,0.38461538461538464,0.03982300884955752,0.9545454545454546,36.00072959178688
sos | kangdaniel,3,2024-08-23,2024-08-23,1,45,45,72,72,SOS,KANGDANIEL,single,5,False,45,72,True,2024-08-21,41.0,72.0,1.0,-4.0,0.0,2024-08-23,45,0,False,0.43859649122807015,0.3916083916083916,0.0,1.0,45.37602748129064
sos | kangdaniel,4,2024-08-31,2024-09-02,3,49,45,70,70,SOS,KANGDANIEL,single,5,False,45,70,True,2024-08-23,45.0,72.0,7.0,-4.0,-2.0,2024-09-01,45,1,False,0.43859649122807015,0.3776223776223776,0.008849557522123894,0.990909090909091,45.09148017019466
spicy | aespa,2,2024-09-15,2024-09-16,2,46,46,80,80,Spicy,aespa,single,6,False,46,80,True,2024-09-12,50.0,81.0,2.0,4.0,-1.0,2024-09-15,46,0,False,0.5789473684210527,0.38461538461538464,0.004424778761061947,1.0,50.938698004371034
spring snow | 10cm,2,2025-05-19,2025-05-19,1,44,44,69,69,Spring Snow,10CM,single,2,False,44,69,True,2025-05-17,50.0,60.0,1.0,6.0,9.0,2025-05-19,44,0,False,0.6140350877192983,0.45454545454545453,0.0,1.0,53.65231259968102
spring snow | 10cm,3,2025-05-22,2025-05-25,4,46,32,72,74,Spring Snow,10CM,single,2,False,38,74,True,2025-05-19,44.0,69.0,2.0,-2.0,3.0,2025-05-24,32,2,False,0.47368421052631576,0.4125874125874126,0.01327433628318584,0.9818181818181818,47.10096703482824
spring snow | 10cm,4,2025-05-29,2025-06-13,16,50,30,76,77,Spring Snow,10CM,single,2,False,49,73,True,2025-05-25,38.0,74.0,3.0,-12.0,2.0,2025-05-31,30,2,False,0.2982456140350877,0.40559440559440557,0.06637168141592921,0.9818181818181818,41.00550993797384
standing next to you (usher remix) | jung kook & usher,2,2025-02-11,2025-02-25,15,34,21,82,83,Standing Next to You (USHER Remix),Jung Kook & USHER,single,1,False,36,83,True,2025-01-27,33.0,83.0,14.0,-1.0,-1.0,2025-02-14,21,3,False,0.49122807017543857,0.38461538461538464,0.061946902654867256,0.9727272727272728,48.03491400696804
standing next to you | jung kook,2,2025-03-03,2025-03-13,11,8,8,95,95,Standing Next to You,Jung Kook,album,11,False,8,93,True,2025-03-01,8.0,95.0,1.0,0.0,0.0,2025-03-03,8,0,False,0.5087719298245614,0.3916083916083916,0.04424778761061947,1.0,49.06800077736268
stay alive (prod. suga of bts) | jung kook,2,2024-08-12,2024-08-12,1,49,49,80,80,Stay Alive (Prod. SUGA of BTS),Jung Kook,single,1,False,49,80,True,2024-07-18,36.0,83.0,24.0,-13.0,-3.0,2024-08-12,49,0,False,0.2807017543859649,0.3706293706293706,0.0,1.0,38.64065758802601
steady | nct wish,2,2025-10-02,2025-10-02,1,48,48,59,59,Steady,NCT WISH,album,7,False,48,59,True,2025-09-29,37.0,56.0,2.0,-11.0,3.0,2025-10-02,48,0,False,0.3157894736842105,0.4125874125874126,0.0,1.0,40.88332719911668
"steal the show - from ""elemental"" | lauv",2,2024-09-09,2024-10-03,25,44,36,77,77,"Steal The Show - From ""Elemental""",Lauv,single,1,False,49,77,True,2024-09-06,48.0,77.0,2.0,4.0,0.0,2024-09-18,36,9,False,0.5789473684210527,0.3916083916083916,0.10619469026548672,0.9181818181818182,51.477592737956044
sticky | kiss of life,4,2025-10-21,2025-10-21,1,49,49,79,79,Sticky,KISS OF LIFE,single,2,False,49,79,True,2025-10-19,40.0,79.0,1.0,-9.0,0.0,2025-10-21,49,0,False,0.3508771929824561,0.3916083916083916,0.0,1.0,41.86725555146607
still with you | jung kook,2,2024-10-23,2024-10-23,1,44,44,84,84,Still With You,Jung Kook,single,1,False,44,84,True,2024-10-20,37.0,84.0,2.0,-7.0,0.0,2024-10-23,44,0,False,0.38596491228070173,0.3916083916083916,0.0,1.0,43.2707643233959
stupid in love (feat. huh yunjin of le sserafim) | max,2,2025-03-06,2025-03-07,2,49,45,72,73,STUPID IN LOVE (feat. HUH YUNJIN of LE SSERAFIM),MAX,album,12,False,45,73,True,2025-02-18,46.0,42.0,15.0,-3.0,30.0,2025-03-07,45,1,False,0.45614035087719296,0.6013986013986014,0.004424778761061947,0.990909090909091,50.180263456462804
sudden shower | eclipse,2,2025-05-15,2025-05-18,4,50,41,74,76,Sudden Shower,ECLIPSE,single,8,False,43,76,True,2025-05-10,48.0,72.0,4.0,-2.0,2.0,2025-05-17,41,2,False,0.47368421052631576,0.40559440559440557,0.01327433628318584,0.9818181818181818,46.961106894968104
sudden shower | eclipse,3,2025-05-21,2025-05-25,5,48,36,77,78,Sudden Shower,ECLIPSE,single,8,False,41,78,True,2025-05-18,43.0,76.0,2.0,-5.0,1.0,2025-05-24,36,3,False,0.42105263157894735,0.3986013986013986,0.017699115044247787,0.9727272727272728,44.62266099061628
sudden shower | eclipse,4,2025-05-28,2025-07-10,44,38,26,78,79,Sudden Shower,ECLIPSE,single,8,False,36,78,True,2025-05-25,41.0,78.0,2.0,3.0,0.0,2025-06-02,26,5,False,0.5614035087719298,0.3916083916083916,0.1902654867256637,0.9545454545454546,53.1845270084674
sugarcoat (natty solo) | kiss of life,2,2024-08-24,2024-09-06,14,44,26,73,74,Sugarcoat (NATTY Solo),KISS OF LIFE,single,6,False,47,74,True,2024-08-22,50.0,73.0,1.0,6.0,0.0,2024-08-31,26,7,False,0.6140350877192983,0.3916083916083916,0.05752212389380531,0.9363636363636364,52.27128654608859
sugarcoat (natty solo) | kiss of life,3,2024-09-09,2024-09-09,1,49,49,74,74,Sugarcoat (NATTY Solo),KISS OF LIFE,single,6,False,49,74,True,2024-09-06,47.0,74.0,2.0,-2.0,0.0,2024-09-09,49,0,False,0.47368421052631576,0.3916083916083916,0.0,1.0,46.77953625322046
sugarcoat (natty solo) | kiss of life,4,2024-09-13,2024-09-13,1,46,46,74,74,Sugarcoat (NATTY Solo),KISS OF LIFE,single,6,False,46,74,True,2024-09-09,49.0,74.0,3.0,3.0,0.0,2024-09-13,46,0,False,0.5614035087719298,0.3916083916083916,0.0,1.0,50.288308183045025
sunflower - spider-man: into the spider-verse | post malone,2,2024-07-07,2024-07-08,2,50,45,89,89,Sunflower - Spider-Man: Into the Spider-Verse,Post Malone,album,17,False,45,89,True,2024-07-04,32.0,88.0,2.0,-18.0,1.0,2024-07-08,45,1,False,0.19298245614035087,0.3986013986013986,0.004424778761061947,0.990909090909091,35.59800361104507
sunflower - spider-man: into the spider-verse | post malone,3,2024-07-10,2024-07-14,5,46,46,89,89,Sunflower - Spider-Man: Into the Spider-Verse,Post Malone,album,17,False,49,89,True,2024-07-08,45.0,89.0,1.0,-1.0,0.0,2024-07-10,46,0,False,0.49122807017543857,0.3916083916083916,0.017699115044247787,1.0,47.835272940070325
sunflower - spider-man: into the spider-verse | post malone,4,2024-07-16,2024-07-16,1,50,50,89,89,Sunflower - Spider-Man: Into the Spider-Verse,Post Malone,album,17,False,50,89,True,2024-07-14,49.0,89.0,1.0,-1.0,0.0,2024-07-16,50,0,False,0.49122807017543857,0.3916083916083916,0.0,1.0,47.481290639185374
sunflower - spider-man: into the spider-verse | post malone,5,2024-07-21,2024-07-22,2,48,47,88,88,Sunflower - Spider-Man: Into the Spider-Verse,Post Malone,album,17,False,47,88,True,2024-07-16,50.0,89.0,4.0,2.0,-1.0,2024-07-22,47,1,False,0.543859649122807,0.38461538461538464,0.004424778761061947,0.990909090909091,49.35337105062303
sunflower - spider-man: into the spider-verse | post malone,6,2024-09-24,2024-09-24,1,47,47,85,85,Sunflower - Spider-Man: Into the Spider-Verse,Post Malone,album,17,False,47,85,True,2024-07-22,47.0,88.0,63.0,0.0,-3.0,2024-09-24,47,0,False,0.5087719298245614,0.3706293706293706,0.0,1.0,47.76346460556987
super lady | (g)i-dle,2,2025-02-15,2025-02-16,2,48,48,81,82,Super Lady,(G)I-DLE,album,8,False,49,82,True,2025-02-12,45.0,81.0,2.0,-3.0,0.0,2025-02-15,48,0,False,0.45614035087719296,0.3916083916083916,0.004424778761061947,1.0,46.1662774424768
super shy | newjeans,6,2025-08-24,2025-08-25,2,49,49,81,81,Super Shy,NewJeans,single,2,False,49,81,True,2025-08-22,47.0,81.0,1.0,-2.0,0.0,2025-08-24,49,0,False,0.47368421052631576,0.3916083916083916,0.004424778761061947,1.0,46.8680318284417
super shy | newjeans,7,2025-09-19,2025-09-19,1,49,49,81,81,Super Shy,NewJeans,single,2,False,49,81,True,2025-08-25,49.0,81.0,24.0,0.0,0.0,2025-09-19,49,0,False,0.5087719298245614,0.3916083916083916,0.0,1.0,48.18304502515029
super | seventeen,2,2024-07-07,2024-07-28,22,47,37,88,88,Super,SEVENTEEN,single,6,False,48,87,True,2024-07-04,33.0,88.0,2.0,-14.0,0.0,2024-07-10,37,3,False,0.2631578947368421,0.3916083916083916,0.09292035398230089,0.9727272727272728,39.67143615583299
super | seventeen,3,2024-07-31,2024-08-08,9,49,44,86,86,Super,SEVENTEEN,single,6,False,45,85,True,2024-07-28,48.0,87.0,2.0,-1.0,-1.0,2024-08-06,44,6,False,0.49122807017543857,0.38461538461538464,0.035398230088495575,0.9454545454545454,46.95848601018606
supernova | aespa,4,2025-09-22,2025-11-27,67,19,14,75,75,Supernova,aespa,album,10,False,36,73,True,2025-09-20,17.0,75.0,1.0,-2.0,0.0,2025-10-09,14,17,False,0.47368421052631576,0.3916083916083916,0.2920353982300885,0.8454545454545455,49.529335126913146
sweet night | v,2,2024-09-04,2024-09-05,2,39,39,80,80,Sweet Night,V,single,2,False,49,80,True,2024-08-31,41.0,81.0,3.0,2.0,-1.0,2024-09-04,39,0,False,0.543859649122807,0.38461538461538464,0.004424778761061947,1.0,49.53518923244121
sweet night | v,3,2024-09-07,2024-09-08,2,47,47,80,80,Sweet Night,V,single,2,False,47,80,True,2024-09-05,49.0,80.0,1.0,2.0,0.0,2024-09-07,47,0,False,0.543859649122807,0.3916083916083916,0.004424778761061947,1.0,49.67504937230135
t.b.h | qwer,4,2025-08-25,2025-08-28,4,44,44,60,60,T.B.H,QWER,single,7,False,49,60,True,2025-08-21,47.0,61.0,3.0,3.0,-1.0,2025-08-25,44,0,False,0.5614035087719298,0.38461538461538464,0.01327433628318584,1.0,50.4139347688486
t.b.h | qwer,5,2025-09-19,2025-09-19,1,50,50,60,60,T.B.H,QWER,single,7,False,50,60,True,2025-08-28,49.0,60.0,21.0,-1.0,0.0,2025-09-19,50,0,False,0.49122807017543857,0.3916083916083916,0.0,1.0,47.481290639185374
t.b.h | qwer,6,2025-09-29,2025-10-07,9,44,42,59,59,T.B.H,QWER,single,7,False,49,59,True,2025-09-19,50.0,60.0,9.0,6.0,-1.0,2025-09-30,42,1,False,0.6140350877192983,0.38461538461538464,0.035398230088495575,0.990909090909091,52.77985762103137
t.b.h | qwer,7,2025-10-10,2025-10-11,2,50,49,59,59,T.B.H,QWER,single,7,False,49,59,True,2025-10-07,49.0,59.0,2.0,-1.0,0.0,2025-10-11,49,1,False,0.49122807017543857,0.3916083916083916,0.004424778761061947,0.990909090909091,47.38796803258843
t.b.h | qwer,8,2025-10-15,2025-10-15,1,47,47,59,59,T.B.H,QWER,single,7,False,47,59,True,2025-10-11,49.0,59.0,3.0,2.0,0.0,2025-10-15,47,0,False,0.543859649122807,0.3916083916083916,0.0,1.0,49.58655379708012
t.b.h | qwer,9,2025-10-17,2025-10-18,2,48,47,59,59,T.B.H,QWER,single,7,False,47,59,True,2025-10-15,47.0,59.0,1.0,-1.0,0.0,2025-10-18,47,1,False,0.49122807017543857,0.3916083916083916,0.004424778761061947,0.990909090909091,47.38796803258843
take two | bts,2,2024-11-07,2024-11-17,11,49,35,85,86,Take Two,BTS,single,1,False,49,85,True,2024-11-01,45.0,86.0,5.0,-4.0,-1.0,2024-11-08,35,1,False,0.43859649122807015,0.38461538461538464,0.04424778761061947,0.990909090909091,45.939304911824706
talk saxy | riize,2,2024-11-07,2024-11-10,4,50,46,67,69,Talk Saxy,RIIZE,single,1,False,50,69,True,2024-11-04,40.0,65.0,2.0,-10.0,2.0,2024-11-09,46,2,False,0.3333333333333333,0.40559440559440557,0.01327433628318584,0.9818181818181818,41.347071807248795
talk saxy | riize,3,2024-12-14,2024-12-15,2,49,48,70,70,Talk Saxy,RIIZE,single,1,False,48,70,True,2024-11-10,50.0,69.0,33.0,1.0,1.0,2024-12-15,48,1,False,0.5263157894736842,0.3986013986013986,0.004424778761061947,0.990909090909091,48.9313369443784
talk saxy | riize,4,2025-01-10,2025-01-10,1,49,49,70,70,Talk Saxy,RIIZE,single,1,False,49,70,True,2024-12-15,48.0,70.0,25.0,-1.0,0.0,2025-01-10,49,0,False,0.49122807017543857,0.3916083916083916,0.0,1.0,47.481290639185374
talk saxy | riize,5,2025-01-12,2025-01-13,2,46,44,70,70,Talk Saxy,RIIZE,single,1,False,44,70,True,2025-01-10,49.0,70.0,1.0,3.0,0.0,2025-01-13,44,1,False,0.5614035087719298,0.3916083916083916,0.004424778761061947,0.990909090909091,50.19498557644808
talk saxy | riize,6,2025-01-17,2025-01-21,5,50,47,70,70,Talk Saxy,RIIZE,single,1,False,50,70,True,2025-01-13,44.0,70.0,3.0,-6.0,0.0,2025-01-18,47,1,False,0.40350877192982454,0.3916083916083916,0.017699115044247787,0.990909090909091,44.1446828284276
talk saxy | riize,7,2025-01-27,2025-01-27,1,49,49,70,70,Talk Saxy,RIIZE,single,1,False,49,70,True,2025-01-21,50.0,70.0,5.0,1.0,0.0,2025-01-27,49,0,False,0.5263157894736842,0.3916083916083916,0.0,1.0,48.8847994111152
taste | sabrina carpenter,2,2025-09-20,2025-09-21,2,47,43,96,96,Taste,Sabrina Carpenter,album,12,False,43,96,True,2025-09-16,48.0,95.0,3.0,1.0,1.0,2025-09-21,43,1,False,0.5263157894736842,0.3986013986013986,0.004424778761061947,0.990909090909091,48.9313369443784
taste | sabrina carpenter,3,2025-09-25,2025-09-25,1,47,47,96,96,Taste,Sabrina Carpenter,album,12,False,47,96,True,2025-09-21,43.0,96.0,3.0,-4.0,0.0,2025-09-25,47,0,False,0.43859649122807015,0.3916083916083916,0.0,1.0,45.37602748129064
taste | sabrina carpenter,4,2025-09-28,2025-09-29,2,50,45,96,96,Taste,Sabrina Carpenter,album,12,False,45,96,True,2025-09-25,47.0,96.0,2.0,-3.0,0.0,2025-09-29,45,1,False,0.45614035087719296,0.3916083916083916,0.004424778761061947,0.990909090909091,45.98445926065862
teddy bear | stayc,2,2024-05-21,2024-05-27,7,47,42,74,74,Teddy Bear,STAYC,single,2,False,49,74,True,2024-05-18,47.0,74.0,2.0,0.0,0.0,2024-05-22,42,1,False,0.5087719298245614,0.3916083916083916,0.02654867256637168,0.990909090909091,48.532200294659546
teddy bear | stayc,3,2024-05-29,2024-05-29,1,45,45,74,74,Teddy Bear,STAYC,single,2,False,45,74,True,2024-05-27,49.0,74.0,1.0,4.0,0.0,2024-05-29,45,0,False,0.5789473684210527,0.3916083916083916,0.0,1.0,50.99006256900994
teddy bear | stayc,4,2024-05-31,2024-06-02,3,48,48,74,74,Teddy Bear,STAYC,single,2,False,49,74,True,2024-05-29,45.0,74.0,1.0,-3.0,0.0,2024-05-31,48,0,False,0.45614035087719296,0.3916083916083916,0.008849557522123894,1.0,46.254773017698035
teddy bear | stayc,5,2024-06-05,2024-06-05,1,46,46,73,73,Teddy Bear,STAYC,single,2,False,46,73,True,2024-06-02,49.0,74.0,2.0,3.0,-1.0,2024-06-05,46,0,False,0.5614035087719298,0.38461538461538464,0.0,1.0,50.14844804318488
the planet | bts,2,2024-06-22,2024-06-24,3,42,42,88,88,The Planet,BTS,single,1,False,48,88,True,2024-06-20,46.0,88.0,1.0,4.0,0.0,2024-06-22,42,0,False,0.5789473684210527,0.3916083916083916,0.008849557522123894,1.0,51.16705371945242
the planet | bts,3,2024-07-02,2024-07-04,3,44,43,87,87,The Planet,BTS,single,1,False,43,87,True,2024-06-24,48.0,88.0,7.0,4.0,-1.0,2024-07-03,43,1,False,0.5789473684210527,0.38461538461538464,0.008849557522123894,0.990909090909091,50.84537539777409
the planet | bts,4,2024-07-16,2024-07-16,1,46,46,86,86,The Planet,BTS,single,1,False,46,86,True,2024-07-04,43.0,87.0,11.0,-3.0,-1.0,2024-07-16,46,0,False,0.45614035087719296,0.38461538461538464,0.0,1.0,45.93792172739541
thirsty | aespa,2,2024-07-04,2024-07-04,1,50,50,77,77,Thirsty,aespa,single,6,False,50,77,True,2024-07-02,49.0,77.0,1.0,-1.0,0.0,2024-07-04,50,0,False,0.49122807017543857,0.3916083916083916,0.0,1.0,47.481290639185374
tick-tack | illit,2,2025-11-27,2025-11-27,1,50,50,74,74,Tick-Tack,ILLIT,single,5,False,50,74,True,2025-11-24,49.0,73.0,2.0,-1.0,1.0,2025-11-27,50,0,False,0.49122807017543857,0.3986013986013986,0.0,1.0,47.62115077904552
time of our life -japanese ver.- - japanese ver. | day6,2,2025-04-01,2025-04-04,4,49,47,54,54,Time of Our Life -Japanese ver.- - Japanese ver.,DAY6,single,4,False,49,54,True,2025-03-29,47.0,55.0,2.0,-2.0,-1.0,2025-04-02,47,1,False,0.47368421052631576,0.38461538461538464,0.01327433628318584,0.990909090909091,46.723344657205864
time of our life -japanese ver.- - japanese ver. | day6,3,2025-04-14,2025-04-20,7,42,42,55,55,Time of Our Life -Japanese ver.- - Japanese ver.,DAY6,single,4,False,47,55,True,2025-04-04,49.0,54.0,9.0,7.0,1.0,2025-04-14,42,0,False,0.631578947368421,0.3986013986013986,0.02654867256637168,1.0,53.76615931809224
time of our life -japanese ver.- - japanese ver. | day6,4,2025-04-23,2025-04-23,1,49,49,55,55,Time of Our Life -Japanese ver.- - Japanese ver.,DAY6,single,4,False,49,55,True,2025-04-20,47.0,55.0,2.0,-2.0,0.0,2025-04-23,49,0,False,0.47368421052631576,0.3916083916083916,0.0,1.0,46.77953625322046
time of our life -japanese ver.- - japanese ver. | day6,5,2025-04-25,2025-04-26,2,48,47,55,55,Time of Our Life -Japanese ver.- - Japanese ver.,DAY6,single,4,False,47,55,True,2025-04-23,49.0,55.0,1.0,1.0,0.0,2025-04-26,47,1,False,0.5263157894736842,0.3916083916083916,0.004424778761061947,0.990909090909091,48.79147680451826
time of our life -japanese ver.- - japanese ver. | day6,6,2025-06-03,2025-06-03,1,49,49,54,54,Time of Our Life -Japanese ver.- - Japanese ver.,DAY6,single,4,False,49,54,True,2025-04-26,47.0,55.0,37.0,-2.0,-1.0,2025-06-03,49,0,False,0.47368421052631576,0.38461538461538464,0.0,1.0,46.63967611336032
time of our life -japanese ver.- - japanese ver. | day6,8,2025-09-05,2025-10-04,30,50,29,55,57,Time of Our Life -Japanese ver.- - Japanese ver.,DAY6,single,4,False,41,56,True,2025-08-14,47.0,54.0,21.0,-3.0,1.0,2025-09-19,29,14,False,0.45614035087719296,0.3986013986013986,0.12831858407079647,0.8727272727272728,46.238559143077076
time of our life -japanese ver.- - japanese ver. | day6,9,2025-10-06,2025-10-06,1,37,37,56,56,Time of Our Life -Japanese ver.- - Japanese ver.,DAY6,single,4,False,37,56,True,2025-10-04,41.0,56.0,1.0,4.0,0.0,2025-10-06,37,0,False,0.5789473684210527,0.3916083916083916,0.0,1.0,50.99006256900994
time of our life -japanese ver.- - japanese ver. | day6,10,2025-10-08,2025-11-27,51,40,25,56,56,Time of Our Life -Japanese ver.- - Japanese ver.,DAY6,single,4,False,42,55,True,2025-10-06,37.0,56.0,1.0,-3.0,0.0,2025-10-21,25,13,False,0.45614035087719296,0.3916083916083916,0.22123893805309736,0.8818181818181818,48.138924264681144
to. x | taeyeon,4,2025-05-05,2025-05-07,3,50,48,75,75,To. X,TAEYEON,single,6,False,50,75,True,2025-04-30,42.0,76.0,4.0,-8.0,-1.0,2025-05-06,48,1,False,0.3684210526315789,0.38461538461538464,0.008849557522123894,0.990909090909091,42.42432276619515
too sad to dance | jung kook,2,2024-12-04,2024-12-04,1,50,50,86,86,Too Sad to Dance,Jung Kook,album,11,False,50,86,True,2024-12-02,46.0,86.0,1.0,-4.0,0.0,2024-12-04,50,0,False,0.43859649122807015,0.3916083916083916,0.0,1.0,45.37602748129064
too sad to dance | jung kook,3,2024-12-09,2024-12-12,4,48,45,86,86,Too Sad to Dance,Jung Kook,album,11,False,50,85,True,2024-12-04,50.0,86.0,4.0,2.0,0.0,2024-12-11,45,2,False,0.543859649122807,0.3916083916083916,0.01327433628318584,0.9818181818181818,49.488404159107475
too sad to dance | jung kook,4,2024-12-14,2024-12-14,1,47,47,85,85,Too Sad to Dance,Jung Kook,album,11,False,47,85,True,2024-12-12,50.0,85.0,1.0,3.0,0.0,2024-12-14,47,0,False,0.5614035087719298,0.3916083916083916,0.0,1.0,50.288308183045025
too sad to dance | jung kook,5,2024-12-16,2024-12-16,1,47,47,85,85,Too Sad to Dance,Jung Kook,album,11,False,47,85,True,2024-12-14,47.0,85.0,1.0,0.0,0.0,2024-12-16,47,0,False,0.5087719298245614,0.3916083916083916,0.0,1.0,48.18304502515029
too sad to dance | jung kook,6,2024-12-23,2024-12-23,1,45,45,83,83,Too Sad to Dance,Jung Kook,album,11,False,45,83,True,2024-12-16,47.0,85.0,6.0,2.0,-2.0,2024-12-23,45,0,False,0.543859649122807,0.3776223776223776,0.0,1.0,49.306833517359834
too sad to dance | jung kook,7,2025-03-01,2025-03-01,1,39,39,80,80,Too Sad to Dance,Jung Kook,album,11,False,39,80,True,2024-12-23,45.0,83.0,67.0,6.0,-3.0,2025-03-01,39,0,False,0.6140350877192983,0.3706293706293706,0.0,1.0,51.973990921359345
too sad to dance | jung kook,9,2025-03-19,2025-03-19,1,41,41,78,78,Too Sad to Dance,Jung Kook,album,11,False,41,78,True,2025-03-17,40.0,78.0,1.0,-1.0,0.0,2025-03-19,41,0,False,0.49122807017543857,0.3916083916083916,0.0,1.0,47.481290639185374
too sad to dance | jung kook,10,2025-03-21,2025-03-23,3,50,43,78,78,Too Sad to Dance,Jung Kook,album,11,False,43,77,True,2025-03-19,41.0,78.0,1.0,-9.0,0.0,2025-03-22,43,1,False,0.3508771929824561,0.3916083916083916,0.008849557522123894,0.990909090909091,41.862428520090376
touch | katseye,2,2025-09-05,2025-11-11,68,47,16,82,86,Touch,KATSEYE,single,1,False,39,85,True,2025-09-03,50.0,82.0,1.0,3.0,0.0,2025-09-24,16,19,False,0.5614035087719298,0.3916083916083916,0.29646017699115046,0.8272727272727273,52.762966268322586
touch | katseye,3,2025-11-15,2025-11-15,1,50,50,85,85,Touch,KATSEYE,single,1,False,50,85,True,2025-11-11,39.0,85.0,3.0,-11.0,0.0,2025-11-15,50,0,False,0.3157894736842105,0.3916083916083916,0.0,1.0,40.46374677953626
trust in me | lim young woong,2,2024-11-29,2024-12-08,10,48,42,58,59,Trust in me,Lim Young Woong,single,2,False,44,59,True,2024-11-27,47.0,58.0,1.0,-1.0,0.0,2024-12-05,42,6,False,0.49122807017543857,0.3916083916083916,0.03982300884955752,0.9454545454545454,47.18684172526743
vampire | olivia rodrigo,2,2024-07-25,2024-07-28,4,48,42,98,99,vampire,Olivia Rodrigo,single,1,True,42,99,True,2024-07-22,42.0,98.0,2.0,-6.0,0.0,2024-07-27,42,2,False,0.40350877192982454,0.3916083916083916,0.01327433628318584,0.9818181818181818,43.874369071388166
vampire | olivia rodrigo,3,2024-07-31,2024-08-12,13,48,42,98,98,vampire,Olivia Rodrigo,single,1,True,50,98,True,2024-07-28,42.0,99.0,2.0,-6.0,-1.0,2024-08-06,42,6,False,0.40350877192982454,0.38461538461538464,0.05309734513274336,0.9454545454545454,43.803696381246446
vancouver | big naughty,2,2024-06-12,2024-06-13,2,50,50,59,59,Vancouver,BIG Naughty,single,2,False,50,59,True,2024-06-10,39.0,59.0,1.0,-11.0,0.0,2024-06-12,50,0,False,0.3157894736842105,0.3916083916083916,0.004424778761061947,1.0,40.552242354757496
vancouver | big naughty,3,2024-09-22,2024-09-22,1,50,50,56,56,Vancouver,BIG Naughty,single,2,False,50,56,True,2024-06-13,50.0,59.0,100.0,0.0,-3.0,2024-09-22,50,0,False,0.5087719298245614,0.3706293706293706,0.0,1.0,47.76346460556987
vibe (feat. jimin of bts) | taeyang,2,2024-05-24,2024-06-04,12,43,35,68,69,VIBE (feat. Jimin of BTS),TAEYANG,album,6,False,36,69,True,2024-05-22,49.0,68.0,1.0,6.0,0.0,2024-05-28,35,4,False,0.6140350877192983,0.3916083916083916,0.048672566371681415,0.9636363636363636,52.63974994110067
vibe (feat. jimin of bts) | taeyang,3,2024-06-06,2024-07-15,40,45,28,69,72,VIBE (feat. Jimin of BTS),TAEYANG,album,6,False,50,72,True,2024-06-04,36.0,69.0,1.0,-9.0,0.0,2024-06-18,28,12,False,0.3508771929824561,0.3916083916083916,0.17256637168141592,0.8909090909090909,43.136764803276215
vibe (feat. jimin of bts) | taeyang,4,2024-07-20,2024-07-20,1,49,49,72,72,VIBE (feat. Jimin of BTS),TAEYANG,album,6,False,49,72,True,2024-07-15,50.0,72.0,4.0,1.0,0.0,2024-07-20,49,0,False,0.5263157894736842,0.3916083916083916,0.0,1.0,48.8847994111152
vibe (feat. jimin of bts) | taeyang,5,2024-10-26,2024-10-26,1,50,50,71,71,VIBE (feat. Jimin of BTS),TAEYANG,album,6,False,50,71,True,2024-07-20,49.0,72.0,97.0,-1.0,-1.0,2024-10-26,50,0,False,0.49122807017543857,0.38461538461538464,0.0,1.0,47.341430499325234
vibe (feat. jimin of bts) | taeyang,6,2024-10-29,2024-10-29,1,43,43,71,71,VIBE (feat. Jimin of BTS),TAEYANG,album,6,False,43,71,True,2024-10-26,50.0,71.0,2.0,7.0,0.0,2024-10-29,43,0,False,0.631578947368421,0.3916083916083916,0.0,1.0,53.095325726904676
vibe (feat. jimin of bts) | taeyang,7,2024-11-02,2024-11-02,1,48,48,71,71,VIBE (feat. Jimin of BTS),TAEYANG,album,6,False,48,71,True,2024-10-29,43.0,71.0,3.0,-5.0,0.0,2024-11-02,48,0,False,0.42105263157894735,0.3916083916083916,0.0,1.0,44.67427309532573
vibe (feat. jimin of bts) | taeyang,8,2024-11-04,2024-11-11,8,45,44,71,71,VIBE (feat. Jimin of BTS),TAEYANG,album,6,False,44,71,True,2024-11-02,48.0,71.0,1.0,3.0,0.0,2024-11-11,44,7,False,0.5614035087719298,0.3916083916083916,0.030973451327433628,0.9363636363636364,49.63504993686643
warmth | lim young woong,4,2025-10-29,2025-10-29,1,50,50,62,62,Warmth,Lim Young Woong,single,2,False,50,62,True,2025-10-26,47.0,62.0,2.0,-3.0,0.0,2025-10-29,50,0,False,0.45614035087719296,0.3916083916083916,0.0,1.0,46.07778186725556
warmth | lim young woong,5,2025-11-01,2025-11-24,24,49,36,62,62,Warmth,Lim Young Woong,single,2,False,50,62,True,2025-10-29,50.0,62.0,2.0,1.0,0.0,2025-11-09,36,8,False,0.5263157894736842,0.3916083916083916,0.10176991150442478,0.9272727272727272,49.46565218665825
way 4 luv | plave,2,2025-10-25,2025-10-27,3,47,41,60,61,WAY 4 LUV,PLAVE,single,6,False,50,61,True,2025-08-31,48.0,60.0,54.0,1.0,0.0,2025-10-26,41,1,False,0.5263157894736842,0.3916083916083916,0.008849557522123894,0.990909090909091,48.879972379739506
we can't be friends (wait for your love) | ariana grande,4,2025-05-08,2025-05-11,4,50,49,94,94,we can't be friends (wait for your love),Ariana Grande,album,13,False,49,94,True,2025-05-06,46.0,94.0,1.0,-4.0,0.0,2025-05-09,49,1,False,0.43859649122807015,0.3916083916083916,0.01327433628318584,0.990909090909091,45.45969602513618
welcome to the show | day6,3,2025-04-02,2025-04-04,3,48,46,65,65,Welcome to the Show,DAY6,album,7,False,46,65,True,2025-03-31,47.0,65.0,1.0,-1.0,0.0,2025-04-04,46,2,False,0.49122807017543857,0.3916083916083916,0.008849557522123894,0.9818181818181818,47.2946454259915
welcome to the show | day6,4,2025-04-16,2025-04-16,1,46,46,67,67,Welcome to the Show,DAY6,album,7,False,46,67,True,2025-04-04,46.0,65.0,11.0,0.0,2.0,2025-04-16,46,0,False,0.5087719298245614,0.40559440559440557,0.0,1.0,48.46276530487057
welcome to the show | day6,5,2025-04-18,2025-04-19,2,48,48,67,67,Welcome to the Show,DAY6,album,7,False,48,67,True,2025-04-16,46.0,67.0,1.0,-2.0,0.0,2025-04-18,48,0,False,0.47368421052631576,0.3916083916083916,0.004424778761061947,1.0,46.8680318284417
welcome to the show | day6,7,2025-11-21,2025-11-26,6,47,43,59,59,Welcome to the Show,DAY6,album,7,False,50,59,True,2025-11-19,38.0,59.0,1.0,-9.0,0.0,2025-11-22,43,1,False,0.3508771929824561,0.3916083916083916,0.022123893805309734,0.990909090909091,42.127915245754096
wherever u r (ft. v of bts) | umi & v,2,2025-03-09,2025-03-10,2,49,46,84,84,wherever u r (ft. V of BTS),UMI & V,single,1,False,46,83,True,2025-03-07,49.0,84.0,1.0,0.0,0.0,2025-03-10,46,1,False,0.5087719298245614,0.3916083916083916,0.004424778761061947,0.990909090909091,48.08972241855335
who (acoustic remix) | jimin,3,2025-08-28,2025-08-28,1,45,45,63,63,Who (Acoustic Remix),Jimin,album,10,False,45,63,True,2025-08-24,43.0,62.0,3.0,-2.0,1.0,2025-08-28,45,0,False,0.47368421052631576,0.3986013986013986,0.0,1.0,46.91939639308061
who (acoustic remix) | jimin,4,2025-09-21,2025-09-28,8,50,29,64,65,Who (Acoustic Remix),Jimin,album,10,False,39,65,True,2025-08-28,45.0,63.0,23.0,-5.0,1.0,2025-09-22,29,1,False,0.42105263157894735,0.3986013986013986,0.030973451327433628,0.990909090909091,45.25178407991636
who (acoustic remix) | jimin,5,2025-09-30,2025-11-04,36,44,18,65,66,Who (Acoustic Remix),Jimin,album,10,False,40,66,True,2025-09-28,39.0,65.0,1.0,-5.0,0.0,2025-10-07,18,7,False,0.42105263157894735,0.3916083916083916,0.15486725663716813,0.9363636363636364,46.498890955341814
who (acoustic remix) | jimin,6,2025-11-06,2025-11-27,22,36,27,66,67,Who (Acoustic Remix),Jimin,album,10,False,35,67,True,2025-11-04,40.0,66.0,1.0,4.0,0.0,2025-11-24,27,18,False,0.5789473684210527,0.3916083916083916,0.09292035398230089,0.8363636363636364,49.57574237592869
who (beautiful mind remix) | jimin,2,2025-08-05,2025-08-12,8,50,43,61,62,Who (Beautiful Mind Remix),Jimin,album,10,False,43,62,True,2025-08-03,35.0,61.0,1.0,-15.0,0.0,2025-08-12,43,7,False,0.24561403508771928,0.3916083916083916,0.030973451327433628,0.9363636363636364,37.003470989498005
who (beautiful mind remix) | jimin,4,2025-08-20,2025-08-21,2,49,49,62,62,Who (Beautiful Mind Remix),Jimin,album,10,False,49,62,True,2025-08-17,49.0,62.0,2.0,0.0,0.0,2025-08-20,49,0,False,0.5087719298245614,0.3916083916083916,0.004424778761061947,1.0,48.27154060037152
who (beautiful mind remix) | jimin,5,2025-08-23,2025-08-23,1,49,49,62,62,Who (Beautiful Mind Remix),Jimin,album,10,False,49,62,True,2025-08-21,49.0,62.0,1.0,0.0,0.0,2025-08-23,49,0,False,0.5087719298245614,0.3916083916083916,0.0,1.0,48.18304502515029
who (beautiful mind remix) | jimin,6,2025-09-22,2025-09-24,3,32,32,63,64,Who (Beautiful Mind Remix),Jimin,album,10,False,45,64,True,2025-08-23,49.0,62.0,29.0,17.0,1.0,2025-09-22,32,0,False,0.8070175438596491,0.3986013986013986,0.008849557522123894,1.0,60.42972087685641
who (beautiful mind remix) | jimin,7,2025-09-27,2025-09-28,2,45,45,64,64,Who (Beautiful Mind Remix),Jimin,album,10,False,46,64,True,2025-09-24,45.0,64.0,2.0,0.0,0.0,2025-09-27,45,0,False,0.5087719298245614,0.3916083916083916,0.004424778761061947,1.0,48.27154060037152
who (beautiful mind remix) | jimin,8,2025-09-30,2025-10-17,18,49,20,64,64,Who (Beautiful Mind Remix),Jimin,album,10,False,43,64,True,2025-09-28,46.0,64.0,1.0,-3.0,0.0,2025-10-07,20,7,False,0.45614035087719296,0.3916083916083916,0.0752212389380531,0.9363636363636364,46.30947937328934
who (beautiful mind remix) | jimin,9,2025-10-19,2025-10-25,7,44,34,64,65,Who (Beautiful Mind Remix),Jimin,album,10,False,42,65,True,2025-10-17,43.0,64.0,1.0,-1.0,0.0,2025-10-24,34,5,False,0.49122807017543857,0.3916083916083916,0.02654867256637168,0.9545454545454546,47.103173181421894
who (beautiful mind remix) | jimin,10,2025-10-27,2025-11-01,6,46,42,65,65,Who (Beautiful Mind Remix),Jimin,album,10,False,43,65,True,2025-10-25,42.0,65.0,1.0,-4.0,0.0,2025-10-31,42,4,False,0.43859649122807015,0.3916083916083916,0.022123893805309734,0.9636363636363636,45.09123263012411
who (beautiful mind remix) | jimin,11,2025-11-04,2025-11-04,1,48,48,65,65,Who (Beautiful Mind Remix),Jimin,album,10,False,48,65,True,2025-11-01,43.0,65.0,2.0,-5.0,0.0,2025-11-04,48,0,False,0.42105263157894735,0.3916083916083916,0.0,1.0,44.67427309532573
who (beautiful mind remix) | jimin,12,2025-11-06,2025-11-16,11,41,38,65,65,Who (Beautiful Mind Remix),Jimin,album,10,False,41,65,True,2025-11-04,48.0,65.0,1.0,7.0,0.0,2025-11-14,38,8,False,0.631578947368421,0.3916083916083916,0.04424778761061947,0.9272727272727272,52.525736024571614
who (beautiful mind remix) | jimin,13,2025-11-20,2025-11-27,8,45,35,65,66,Who (Beautiful Mind Remix),Jimin,album,10,False,41,66,True,2025-11-16,41.0,65.0,3.0,-4.0,0.0,2025-11-24,35,4,False,0.43859649122807015,0.3916083916083916,0.030973451327433628,0.9636363636363636,45.26822378056659
who (funky remix) | jimin,3,2025-08-17,2025-08-17,1,44,44,62,62,Who (Funky Remix),Jimin,album,10,False,44,62,True,2025-08-14,49.0,62.0,2.0,5.0,0.0,2025-08-17,44,0,False,0.5964912280701754,0.3916083916083916,0.0,1.0,51.69181695497485
who (funky remix) | jimin,4,2025-08-20,2025-08-24,5,39,39,62,62,Who (Funky Remix),Jimin,album,10,False,42,62,True,2025-08-17,44.0,62.0,2.0,5.0,0.0,2025-08-20,39,0,False,0.5964912280701754,0.3916083916083916,0.017699115044247787,1.0,52.045799255859805
who (funky remix) | jimin,5,2025-09-22,2025-09-24,3,34,34,64,64,Who (Funky Remix),Jimin,album,10,False,46,64,True,2025-08-24,42.0,62.0,28.0,8.0,2.0,2025-09-22,34,0,False,0.6491228070175439,0.40559440559440557,0.008849557522123894,1.0,54.253791543032335
who (funky remix) | jimin,6,2025-09-27,2025-09-28,2,49,44,64,64,Who (Funky Remix),Jimin,album,10,False,44,64,True,2025-09-24,46.0,64.0,2.0,-3.0,0.0,2025-09-28,44,1,False,0.45614035087719296,0.3916083916083916,0.004424778761061947,0.990909090909091,45.98445926065862
who (funky remix) | jimin,7,2025-10-01,2025-10-14,14,41,23,64,64,Who (Funky Remix),Jimin,album,10,False,47,64,True,2025-09-28,44.0,64.0,2.0,3.0,0.0,2025-10-07,23,6,False,0.5614035087719298,0.3916083916083916,0.05752212389380531,0.9454545454545454,50.347841570012044
who (funky remix) | jimin,8,2025-10-16,2025-10-17,2,48,44,64,64,Who (Funky Remix),Jimin,album,10,False,44,64,True,2025-10-14,47.0,64.0,1.0,-1.0,0.0,2025-10-17,44,1,False,0.49122807017543857,0.3916083916083916,0.004424778761061947,0.990909090909091,47.38796803258843
who (funky remix) | jimin,9,2025-10-19,2025-10-25,7,47,33,64,65,Who (Funky Remix),Jimin,album,10,False,46,65,True,2025-10-17,44.0,64.0,1.0,-3.0,0.0,2025-10-24,33,5,False,0.45614035087719296,0.3916083916083916,0.02654867256637168,0.9545454545454546,45.69966440949208
who (funky remix) | jimin,10,2025-10-27,2025-11-01,6,47,42,65,65,Who (Funky Remix),Jimin,album,10,False,42,65,True,2025-10-25,46.0,65.0,1.0,-1.0,0.0,2025-11-01,42,5,False,0.49122807017543857,0.3916083916083916,0.022123893805309734,0.9545454545454546,47.014677606200664
who (funky remix) | jimin,11,2025-11-03,2025-11-04,2,50,46,65,65,Who (Funky Remix),Jimin,album,10,False,46,65,True,2025-11-01,42.0,65.0,1.0,-8.0,0.0,2025-11-04,46,1,False,0.3684210526315789,0.3916083916083916,0.004424778761061947,0.990909090909091,42.47568733083404
who (funky remix) | jimin,12,2025-11-06,2025-11-17,12,40,37,65,65,Who (Funky Remix),Jimin,album,10,False,50,65,True,2025-11-04,46.0,65.0,1.0,6.0,0.0,2025-11-14,37,8,False,0.6140350877192983,0.3916083916083916,0.048672566371681415,0.9272727272727272,51.912477213827934
who (funky remix) | jimin,13,2025-11-20,2025-11-27,8,46,32,65,66,Who (Funky Remix),Jimin,album,10,False,40,66,True,2025-11-17,50.0,65.0,2.0,4.0,0.0,2025-11-24,32,4,False,0.5789473684210527,0.3916083916083916,0.030973451327433628,0.9636363636363636,50.88225886828589
who (instrumental) | jimin,3,2025-08-23,2025-08-24,2,46,45,61,61,Who (Instrumental),Jimin,album,10,False,45,61,True,2025-08-21,45.0,61.0,1.0,-1.0,0.0,2025-08-24,45,1,False,0.49122807017543857,0.3916083916083916,0.004424778761061947,0.990909090909091,47.38796803258843
who (instrumental) | jimin,4,2025-09-22,2025-09-24,3,30,30,63,63,Who (Instrumental),Jimin,album,10,False,41,63,True,2025-08-24,45.0,61.0,28.0,15.0,2.0,2025-09-22,30,0,False,0.7719298245614035,0.40559440559440557,0.008849557522123894,1.0,59.166072244786726
who (instrumental) | jimin,5,2025-09-26,2025-09-28,3,50,42,63,63,Who (Instrumental),Jimin,album,10,False,42,63,True,2025-09-24,41.0,63.0,1.0,-9.0,0.0,2025-09-28,42,2,False,0.3508771929824561,0.3916083916083916,0.008849557522123894,0.9818181818181818,41.680610338272196
who (instrumental) | jimin,6,2025-09-30,2025-11-02,34,48,17,63,65,Who (Instrumental),Jimin,album,10,False,50,65,True,2025-09-28,42.0,63.0,1.0,-6.0,0.0,2025-10-07,17,7,False,0.40350877192982454,0.3916083916083916,0.14601769911504425,0.9363636363636364,45.62014541893443
who (instrumental) | jimin,7,2025-11-04,2025-11-04,1,47,47,65,65,Who (Instrumental),Jimin,album,10,False,47,65,True,2025-11-02,50.0,65.0,1.0,3.0,0.0,2025-11-04,47,0,False,0.5614035087719298,0.3916083916083916,0.0,1.0,50.288308183045025
who (instrumental) | jimin,8,2025-11-06,2025-11-16,11,43,38,65,65,Who (Instrumental),Jimin,album,10,False,40,65,True,2025-11-04,47.0,65.0,1.0,4.0,0.0,2025-11-08,38,2,False,0.5789473684210527,0.3916083916083916,0.04424778761061947,0.9818181818181818,51.51138195758597
who (instrumental) | jimin,9,2025-11-18,2025-11-18,1,50,50,65,65,Who (Instrumental),Jimin,album,10,False,50,65,True,2025-11-16,40.0,65.0,1.0,-10.0,0.0,2025-11-18,50,0,False,0.3333333333333333,0.3916083916083916,0.0,1.0,41.16550116550117
who (instrumental) | jimin,10,2025-11-20,2025-11-27,8,44,26,65,66,Who (Instrumental),Jimin,album,10,False,27,66,True,2025-11-18,50.0,65.0,1.0,6.0,0.0,2025-11-24,26,4,False,0.6140350877192983,0.3916083916083916,0.030973451327433628,0.9636363636363636,52.28576764021571
who (rock remix) | jimin,3,2025-08-28,2025-08-30,3,42,42,63,64,Who (Rock Remix),Jimin,album,10,False,47,64,True,2025-08-24,35.0,63.0,3.0,-7.0,0.0,2025-08-28,42,0,False,0.38596491228070173,0.3916083916083916,0.008849557522123894,1.0,43.447755473838384
who (rock remix) | jimin,4,2025-09-13,2025-09-13,1,49,49,64,64,Who (Rock Remix),Jimin,album,10,False,49,64,True,2025-08-30,47.0,64.0,13.0,-2.0,0.0,2025-09-13,49,0,False,0.47368421052631576,0.3916083916083916,0.0,1.0,46.77953625322046
who (rock remix) | jimin,5,2025-09-21,2025-11-04,45,49,16,65,66,Who (Rock Remix),Jimin,album,10,False,39,66,True,2025-09-13,49.0,64.0,7.0,0.0,1.0,2025-10-07,16,16,False,0.5087719298245614,0.3986013986013986,0.19469026548672566,0.8545454545454545,49.307619565654036
who (rock remix) | jimin,6,2025-11-06,2025-11-27,22,35,25,67,68,Who (Rock Remix),Jimin,album,10,False,33,68,True,2025-11-04,39.0,66.0,1.0,4.0,1.0,2025-11-24,25,18,False,0.5789473684210527,0.3986013986013986,0.09292035398230089,0.8363636363636364,49.71560251578883
who (shibuyakei remix) | jimin,3,2025-09-22,2025-09-24,3,31,31,64,64,Who (Shibuyakei Remix),Jimin,album,10,False,44,64,True,2025-08-23,45.0,62.0,29.0,14.0,2.0,2025-09-22,31,0,False,0.7543859649122807,0.40559440559440557,0.008849557522123894,1.0,58.46431785882182
who (shibuyakei remix) | jimin,4,2025-09-27,2025-09-28,2,47,43,64,64,Who (Shibuyakei Remix),Jimin,album,10,False,43,64,True,2025-09-24,44.0,64.0,2.0,-3.0,0.0,2025-09-28,43,1,False,0.45614035087719296,0.3916083916083916,0.004424778761061947,0.990909090909091,45.98445926065862
who (shibuyakei remix) | jimin,5,2025-09-30,2025-10-17,18,46,20,64,65,Who (Shibuyakei Remix),Jimin,album,10,False,38,65,True,2025-09-28,43.0,64.0,1.0,-3.0,0.0,2025-10-10,20,10,False,0.45614035087719296,0.3916083916083916,0.0752212389380531,0.9090909090909091,45.764024827834795
who (shibuyakei remix) | jimin,6,2025-10-19,2025-11-02,15,39,32,65,65,Who (Shibuyakei Remix),Jimin,album,10,False,48,65,True,2025-10-17,38.0,65.0,1.0,-1.0,0.0,2025-10-24,32,5,False,0.49122807017543857,0.3916083916083916,0.061946902654867256,0.9545454545454546,47.81113778319181
who (shibuyakei remix) | jimin,7,2025-11-04,2025-11-04,1,42,42,65,65,Who (Shibuyakei Remix),Jimin,album,10,False,42,65,True,2025-11-02,48.0,65.0,1.0,6.0,0.0,2025-11-04,42,0,False,0.6140350877192983,0.3916083916083916,0.0,1.0,52.39357134093976
who (shibuyakei remix) | jimin,8,2025-11-06,2025-11-18,13,37,35,65,66,Who (Shibuyakei Remix),Jimin,album,10,False,48,66,True,2025-11-04,42.0,65.0,1.0,5.0,0.0,2025-11-14,35,8,False,0.5964912280701754,0.3916083916083916,0.05309734513274336,0.9272727272727272,51.299218403084254
who (shibuyakei remix) | jimin,9,2025-11-20,2025-11-27,8,41,31,66,67,Who (Shibuyakei Remix),Jimin,album,10,False,38,67,True,2025-11-18,48.0,66.0,1.0,7.0,0.0,2025-11-24,31,4,False,0.631578947368421,0.3916083916083916,0.030973451327433628,0.9636363636363636,52.98752202618062
why? | plave,2,2025-09-02,2025-09-03,2,49,49,55,55,Why?,PLAVE,single,1,False,49,55,True,2025-08-28,34.0,54.0,4.0,-15.0,1.0,2025-09-02,49,0,False,0.24561403508771928,0.3986013986013986,0.004424778761061947,1.0,37.885084950757985
with you | jimin & ha sung woon,2,2024-06-08,2024-06-24,17,44,20,76,76,With you,Jimin & HA SUNG WOON,single,2,False,43,76,True,2024-05-20,50.0,77.0,18.0,6.0,-1.0,2024-06-21,20,13,False,0.6140350877192983,0.38461538461538464,0.07079646017699115,0.8818181818181818,51.30600404098309
with you | jimin & ha sung woon,3,2024-06-28,2024-06-28,1,43,43,76,76,With you,Jimin & HA SUNG WOON,single,2,False,43,76,True,2024-06-24,43.0,76.0,3.0,0.0,0.0,2024-06-28,43,0,False,0.5087719298245614,0.3916083916083916,0.0,1.0,48.18304502515029
with you | jimin & ha sung woon,4,2024-07-05,2024-07-06,2,50,50,77,77,With you,Jimin & HA SUNG WOON,single,2,False,50,77,True,2024-06-28,43.0,76.0,6.0,-7.0,1.0,2024-07-05,50,0,False,0.38596491228070173,0.3986013986013986,0.004424778761061947,1.0,43.49912003847728
with you | jimin & ha sung woon,5,2025-01-23,2025-01-23,1,28,28,74,74,With you,Jimin & HA SUNG WOON,single,2,False,28,74,True,2024-07-06,50.0,77.0,200.0,22.0,-3.0,2025-01-23,28,0,False,0.8947368421052632,0.3706293706293706,0.0,1.0,63.202061096797934
yes or no | jung kook,4,2025-05-06,2025-05-08,3,47,47,82,82,Yes or No,Jung Kook,album,11,False,47,81,True,2025-05-01,46.0,82.0,4.0,-1.0,0.0,2025-05-06,47,0,False,0.49122807017543857,0.3916083916083916,0.008849557522123894,1.0,47.65828178962786
"yes, and? | ariana grande",2,2025-02-15,2025-02-18,4,45,45,97,97,"yes, and?",Ariana Grande,single,1,True,49,97,True,2025-02-12,48.0,97.0,2.0,3.0,0.0,2025-02-15,45,0,False,0.5614035087719298,0.3916083916083916,0.01327433628318584,1.0,50.55379490870875
"yes, and? | ariana grande",3,2025-03-10,2025-03-13,4,30,25,73,81,"yes, and?",Ariana Grande,album,13,True,25,81,True,2025-02-18,49.0,97.0,19.0,19.0,-24.0,2025-03-13,25,3,False,0.8421052631578947,0.22377622377622378,0.01327433628318584,0.9727272727272728,57.87976718204945
you & me (coachella ver.) | jennie,2,2024-10-10,2024-10-11,2,16,16,74,76,You & Me (Coachella ver.),JENNIE,single,2,False,16,76,True,2024-10-07,4.0,0.0,2.0,-12.0,74.0,2024-10-10,16,0,False,0.2982456140350877,0.9090909090909091,0.004424778761061947,1.0,50.200138318442924
you & me | jennie,2,2024-11-21,2024-11-27,7,48,47,83,83,You & Me,JENNIE,single,2,False,50,82,True,2024-11-19,50.0,83.0,1.0,2.0,0.0,2024-11-22,47,1,False,0.543859649122807,0.3916083916083916,0.02654867256637168,0.990909090909091,49.935709066589375
you & me | jennie,3,2024-12-15,2024-12-15,1,50,50,81,81,You & Me,JENNIE,single,2,False,50,81,True,2024-11-27,50.0,82.0,17.0,0.0,-1.0,2024-12-15,50,0,False,0.5087719298245614,0.38461538461538464,0.0,1.0,48.04318488529015
you & me | jennie,4,2024-12-28,2025-01-02,6,46,46,77,78,You & Me,JENNIE,single,2,False,48,78,True,2024-12-15,50.0,81.0,12.0,4.0,-4.0,2024-12-28,46,0,False,0.5789473684210527,0.36363636363636365,0.022123893805309734,1.0,50.87309988567558
you & me | jennie,5,2025-01-04,2025-01-04,1,47,47,79,79,You & Me,JENNIE,single,2,False,47,79,True,2025-01-02,48.0,78.0,1.0,1.0,1.0,2025-01-04,47,0,False,0.5263157894736842,0.3986013986013986,0.0,1.0,49.02465955097534
you & me | jennie,6,2025-01-06,2025-01-08,3,47,47,79,80,You & Me,JENNIE,single,2,False,49,80,True,2025-01-04,47.0,79.0,1.0,0.0,0.0,2025-01-06,47,0,False,0.5087719298245614,0.3916083916083916,0.008849557522123894,1.0,48.36003617559277
you & me | jennie,7,2025-01-12,2025-01-13,2,48,48,80,80,You & Me,JENNIE,single,2,False,50,80,True,2025-01-08,49.0,80.0,3.0,1.0,0.0,2025-01-12,48,0,False,0.5263157894736842,0.3916083916083916,0.004424778761061947,1.0,48.97329498633644
you were beautiful | day6,2,2025-04-14,2025-04-17,4,48,43,66,66,You Were Beautiful,DAY6,album,14,False,46,66,True,2025-03-26,50.0,66.0,18.0,2.0,0.0,2025-04-16,43,2,False,0.543859649122807,0.3916083916083916,0.01327433628318584,0.9818181818181818,49.488404159107475
you were beautiful | day6,3,2025-04-19,2025-04-20,2,49,49,67,67,You Were Beautiful,DAY6,album,14,False,49,67,True,2025-04-17,46.0,66.0,1.0,-3.0,1.0,2025-04-19,49,0,False,0.45614035087719296,0.3986013986013986,0.004424778761061947,1.0,46.30613758233693
you were beautiful | day6,5,2025-10-06,2025-10-06,1,44,44,65,65,You Were Beautiful,DAY6,album,14,False,44,65,True,2025-10-04,46.0,65.0,1.0,2.0,0.0,2025-10-06,44,0,False,0.543859649122807,0.3916083916083916,0.0,1.0,49.58655379708012
you were beautiful | day6,6,2025-10-08,2025-10-08,1,49,49,65,65,You Were Beautiful,DAY6,album,14,False,49,65,True,2025-10-06,44.0,65.0,1.0,-5.0,0.0,2025-10-08,49,0,False,0.42105263157894735,0.3916083916083916,0.0,1.0,44.67427309532573
you were beautiful | day6,7,2025-10-14,2025-10-19,6,38,26,64,64,You Were Beautiful,DAY6,album,14,False,46,64,True,2025-10-08,49.0,65.0,5.0,11.0,-1.0,2025-10-15,26,1,False,0.7017543859649122,0.38461538461538464,0.022123893805309734,0.990909090909091,56.023142825192195
you were beautiful | day6,8,2025-10-21,2025-10-23,3,33,32,65,65,You Were Beautiful,DAY6,album,14,False,46,64,True,2025-10-19,46.0,64.0,1.0,13.0,1.0,2025-10-22,32,1,False,0.7368421052631579,0.3986013986013986,0.008849557522123894,0.990909090909091,57.44088515117858
you were beautiful | day6,9,2025-10-26,2025-10-26,1,49,49,64,64,You Were Beautiful,DAY6,album,14,False,49,64,True,2025-10-23,46.0,64.0,2.0,-3.0,0.0,2025-10-26,49,0,False,0.45614035087719296,0.3916083916083916,0.0,1.0,46.07778186725556
you were beautiful | day6,10,2025-10-28,2025-10-29,2,49,43,64,64,You Were Beautiful,DAY6,album,14,False,43,64,True,2025-10-26,49.0,64.0,1.0,0.0,0.0,2025-10-29,43,1,False,0.5087719298245614,0.3916083916083916,0.004424778761061947,0.990909090909091,48.08972241855335
you were beautiful | day6,11,2025-11-02,2025-11-05,4,42,38,64,64,You Were Beautiful,DAY6,album,14,False,38,64,True,2025-10-29,43.0,64.0,3.0,1.0,0.0,2025-11-05,38,3,False,0.5263157894736842,0.3916083916083916,0.01327433628318584,0.9727272727272728,48.60483159132438
you were beautiful | day6,12,2025-11-07,2025-11-20,14,48,36,64,64,You Were Beautiful,DAY6,album,14,False,48,64,True,2025-11-05,38.0,64.0,1.0,-10.0,0.0,2025-11-12,36,5,False,0.3333333333333333,0.3916083916083916,0.05752212389380531,0.9545454545454546,41.40685273428637
you were beautiful | day6,13,2025-11-23,2025-11-23,1,46,46,65,65,You Were Beautiful,DAY6,album,14,False,46,65,True,2025-11-20,48.0,64.0,2.0,2.0,1.0,2025-11-23,46,0,False,0.543859649122807,0.3986013986013986,0.0,1.0,49.726413936940254
you were beautiful | day6,14,2025-11-26,2025-11-26,1,48,48,65,65,You Were Beautiful,DAY6,album,14,False,48,65,True,2025-11-23,46.0,65.0,2.0,-2.0,0.0,2025-11-26,48,0,False,0.47368421052631576,0.3916083916083916,0.0,1.0,46.77953625322046
アイドル | yoasobi,2,2024-09-03,2024-09-03,1,45,45,88,88,アイドル,YOASOBI,single,1,False,45,88,True,2024-08-31,48.0,88.0,2.0,3.0,0.0,2024-09-03,45,0,False,0.5614035087719298,0.3916083916083916,0.0,1.0,50.288308183045025
アイドル | yoasobi,3,2024-09-22,2024-10-01,10,48,42,86,86,アイドル,YOASOBI,single,1,False,45,86,True,2024-09-03,45.0,88.0,18.0,-3.0,-2.0,2024-09-28,42,6,False,0.45614035087719296,0.3776223776223776,0.03982300884955752,0.9454545454545454,45.503612673617326
アイドル | yoasobi,4,2024-10-06,2024-10-06,1,44,44,30,30,アイドル,YOASOBI,album,10,False,44,30,True,2024-10-01,45.0,86.0,4.0,1.0,-56.0,2024-10-06,44,0,False,0.5263157894736842,0.0,0.0,1.0,41.05263157894737
踊り子 | vaundy,4,2025-09-25,2025-09-26,2,44,44,71,71,踊り子,Vaundy,album,35,False,48,71,True,2025-09-22,50.0,71.0,2.0,6.0,0.0,2025-09-25,44,0,False,0.6140350877192983,0.3916083916083916,0.004424778761061947,1.0,52.482066916160996
녹아내려요 melt down | day6,2,2025-10-07,2025-10-07,1,40,40,55,55,녹아내려요 Melt Down,DAY6,single,8,False,40,55,True,2025-10-05,30.0,55.0,1.0,-10.0,0.0,2025-10-07,40,0,False,0.3333333333333333,0.3916083916083916,0.0,1.0,41.16550116550117
"무제(無題) (untitled, 2014) | g-dragon",2,2025-11-27,2025-11-27,1,43,43,61,61,"무제(無題) (Untitled, 2014)",G-DRAGON,single,5,False,43,61,True,2025-11-05,50.0,58.0,21.0,7.0,3.0,2025-11-27,43,0,False,0.631578947368421,0.4125874125874126,0.0,1.0,53.514906146485096
예뻤어 | day6,2,2025-10-07,2025-10-07,1,44,44,49,49,예뻤어,DAY6,album,14,False,44,49,True,2025-10-05,43.0,49.0,1.0,-1.0,0.0,2025-10-07,44,0,False,0.49122807017543857,0.3916083916083916,0.0,1.0,47.481290639185374
한 페이지가 될 수 있게 | day6,2,2025-10-07,2025-10-07,1,35,35,52,52,한 페이지가 될 수 있게,DAY6,single,6,False,35,52,True,2025-10-05,36.0,52.0,1.0,1.0,0.0,2025-10-07,35,0,False,0.5263157894736842,0.3916083916083916,0.0,1.0,48.8847994111152
